number,phrase
1,"üîÆ BEEG SUMMONING CIRCLE ACTIVATED üîÆ"
2,"Breaking news: Local man spotted in Discord for first time in 3 days"
3,"Beeg has entered witness protection program, last seen with mysterious female"
4,"EMERGENCY: Need Beeg's opinion on literally anything right now"
5,"Petition to clone Beeg so one can stay online while the other disappears"
6,"Beeg.exe has stopped working, please restart your friendship protocols"
7,"I'm starting a missing persons report, has anyone seen our beloved Beeg?"
8,"The prophecy foretells Beeg's return when the moon is full and WiFi is strong"
9,"Beeg's last online status: 'Currently downloading more personality'"
10,"BREAKING: Scientists discover new dimension where Beeg exists but can't Discord"
11,"Beeg is like a mythical creature - we have stories but no proof he's real"
12,"Plot twist: Beeg's girlfriend is actually just his alt account"
13,"Beeg's availability status: 'It's complicated (literally)'"
14,"Fun fact: Beeg's phone autocorrects 'Discord' to 'What's that?'"
15,"Beeg has achieved the ultimate camouflage: complete invisibility online"
16,"Warning: Beeg may cause sudden disappearances and relationship priorities"
17,"Beeg's superpower: Vanishing the moment love is in the air"
18,"The last person to see Beeg online won a prize (it was loneliness)"
19,"Beeg is basically Bigfoot at this point - rare sightings, blurry evidence"
20,"Dear Beeg, your Discord friends miss you more than your Netflix 'Continue Watching' list"
21,"Beeg's relationship status update also broke his online status apparently"
22,"The WiFi is strong, the server is stable, but where art thou Beeg?"
23,"Beeg's last message was 'brb' and that was 47 years ago"
24,"Initiating Operation: Remind Beeg That Friends Exist"
25,"Beeg sighting reported! False alarm, it was just his profile picture"
26,"Beeg's online presence has become an endangered species"
27,"Testing... testing... is this thing on? Can Beeg hear us from the love dimension?"
28,"Beeg's Discord status: 'Away' (and apparently staying that way)"
29,"The group chat misses its favorite ghost member"
30,"Beeg has mastered the art of quantum socializing - existing and not existing simultaneously"
31,"Emergency broadcast: Will trade memes for one (1) Beeg appearance"
32,"Beeg's dating life is thriving but his Discord game is dying"
33,"The server feels empty without our resident disappearing act"
34,"Beeg's online status is more elusive than a unicorn riding a rainbow"
35,"Breaking: Local friend discovers there's a world beyond Discord, abandons ship"
36,"Beeg's girlfriend must have really good WiFi because he never leaves"
37,"The ancient texts speak of a chosen one named Beeg who would return when needed most"
38,"Beeg's last seen: approximately when dinosaurs roamed the earth"
39,"Fun drinking game: Take a shot every time Beeg comes online (you'll stay sober)"
40,"Beeg has transcended to a higher plane of existence (his girlfriend's couch)"
41,"The mystery of Beeg's disappearance rivals that of Atlantis"
42,"Beeg's online activity is sponsored by 'Relationship Goals' and 'Social Media Detox'"
43,"Plot twist: Beeg never existed, he was just a collective hallucination"
44,"Beeg's Discord notifications are probably just digital tumbleweeds at this point"
45,"The server's most wanted: Beeg (for abandoning his post)"
46,"Beeg's stealth mode is so advanced, even ninjas are taking notes"
47,"Dear Diary: Still no sign of Beeg, beginning to question reality"
48,"Beeg's online presence has been classified as 'cryptid-level rare'"
49,"The WiFi gods demand a sacrifice to bring back Beeg (preferably memes)"
50,"Beeg's relationship > Beeg's friendships (we get it, but still...)"
51,"Breaking: Scientists study Beeg's disappearing act for teleportation research"
52,"Beeg's last online status update was written in hieroglyphics"
53,"The server's population has decreased by 100% of its Beeg content"
54,"Beeg's phone probably thinks Discord is a mythical app at this point"
55,"Emergency meeting: How to clone Beeg for consistent online presence"
56,"Beeg's dating success is inversely proportional to his Discord activity"
57,"The ancient prophecy: 'He who is called Beeg shall return when least expected'"
58,"Beeg's online status is like a solar eclipse - rare and worth celebrating"
59,"Breaking news: Local man forgets he has friends outside of romantic relationship"
60,"Beeg's Discord activity graph looks like a flatline (not dead, just in love)"
61,"The server's best kept secret: Beeg actually knows how to use Discord"
62,"Beeg's last message is now considered ancient literature by Discord historians"
63,"Fun fact: Beeg's profile picture has more online presence than Beeg himself"
64,"The group chat's missing puzzle piece: one (1) Beeg-shaped friend"
65,"Beeg's notification sound has forgotten what it sounds like"
66,"Breaking: Relationship coaches cite Beeg as example of 'healthy boundaries' (too healthy?)"
67,"Beeg's online invisibility cloak is working a little too well"
68,"The server's most endangered species: Active Beeg sightings"
69,"Beeg's last seen status is basically a historical document at this point"
70,"Emergency protocol: Send search party to girlfriend's house"
71,"Beeg's Discord karma is suffering from extended absence"
72,"The mystery deepens: How does one simply vanish from the internet?"
73,"Beeg's online presence is like a limited edition collectible - rarely available"
74,"Breaking: Local friend discovers love, forgets about Discord existence"
75,"The server's coldest case: The disappearance of Beeg"
76,"Beeg's notification badges are probably having an existential crisis"
77,"Fun game: Spot the difference between Beeg online and Beeg offline (impossible)"
78,"Beeg's last Discord activity predates the invention of sliced bread"
79,"The group chat's biggest unsolved mystery: Where in the world is Beeg?"
80,"Beeg's online status is more mythical than dragons"
81,"Breaking: Scientists discover new form of social media camouflage"
82,"Beeg's Discord icon is basically a museum exhibit at this point"
83,"The server's most wanted poster features Beeg's profile picture"
84,"Beeg's last message has achieved legendary status among chat historians"
85,"Emergency alert: Friend-shaped hole detected in Discord server"
86,"Beeg's online activity is sponsored by 'How to Disappear Completely'"
87,"The ancient art of Beeg summoning requires patience and memes"
88,"Beeg's notification sound has retired due to lack of work"
89,"Breaking: Local man achieves perfect work-life balance by eliminating online life"
90,"Beeg's Discord status: 'Temporarily unavailable (permanently)'"
91,"The server's most elusive member strikes again (by not striking at all)"
92,"Beeg's last online timestamp is now a historical landmark"
93,"Fun fact: Beeg's phone battery lasts forever because Discord is never open"
94,"The group chat's greatest magic trick: Making Beeg disappear"
95,"Beeg's online invisibility has reached professional magician levels"
96,"Breaking: Relationship success inversely affects Discord presence, local man proves theory"
97,"The server's population counter still includes Beeg (optimistically)"
98,"Beeg's last message is being preserved by the Library of Congress"
99,"Emergency meeting: Establish Beeg Memorial Discord Channel"
100,"Beeg's online presence is like WiFi in a basement - technically possible but rarely working"
101,"üïØÔ∏è Lighting a candle for Beeg's return to the digital realm üïØÔ∏è"
102,"Beeg's girlfriend must have really good snacks because he never leaves"
103,"The server's most successful witness protection participant: Beeg"
104,"Breaking: Local friend discovers offline world, immediately relocates"
105,"Beeg's Discord notifications are sending postcards from the spam folder"
106,"The ancient ritual of Beeg summoning begins with proper WiFi connection"
107,"Beeg's online status is more reliable than weather predictions (both never accurate)"
108,"Fun drinking game: Drink every time Beeg responds (designated driver guaranteed)"
109,"The server's biggest mystery: Did Beeg ever actually exist?"
110,"Beeg's last seen status has been carbon-dated to the Mesozoic era"
111,"Emergency broadcast: Will accept any Beeg-related proof of life"
112,"Beeg's relationship timeline perfectly matches his Discord absence timeline"
113,"The group chat's missing ingredient: one cup of active Beeg"
114,"Beeg's phone probably thinks his friends are fictional characters"
115,"Breaking: Scientists study Beeg's vanishing act for quantum physics research"
116,"Beeg's Discord activity level: Ghost mode (permanent edition)"
117,"The server's most dedicated lurker doesn't even lurk anymore"
118,"Beeg's online presence is like a unicorn - beautiful in theory"
119,"Fun fact: Beeg's notification count has achieved mathematical infinity"
120,"The group chat's greatest disappearing act since Houdini"
121,"Beeg's last message is now studied in communication archaeology classes"
122,"Emergency protocol: Check if Beeg's Discord still exists"
123,"Beeg's girlfriend must have Discord-blocking superpowers"
124,"The server's most successful digital detox participant (involuntary)"
125,"Beeg's online status update frequency: Once per geological era"
126,"Breaking: Local man discovers love, immediately forgets internet password"
127,"The ancient prophecy speaks of Beeg's return during server maintenance"
128,"Beeg's Discord icon is basically a historical artifact"
129,"Fun game: Find Beeg online (difficulty level: impossible)"
130,"The server's most wanted: Beeg (for crimes against friendship)"
131,"Beeg's last online activity is now considered prehistoric"
132,"Emergency meeting: How to establish diplomatic relations with Beeg's girlfriend"
133,"Beeg's notification sound has filed for unemployment"
134,"The group chat's biggest plot twist: Beeg was real all along"
135,"Beeg's online invisibility cloak is working overtime"
136,"Breaking: Relationship coaches everywhere cite Beeg as cautionary tale"
137,"Beeg's Discord status: 'Away' (since the dawn of time)"
138,"The server's most elusive cryptid: The legendary Beeg"
139,"Beeg's last message has been nominated for historical preservation"
140,"Fun fact: Beeg's phone autocorrects 'friends' to 'girlfriend'"
141,"The ancient art of Beeg detection requires advanced radar technology"
142,"Beeg's online activity graph resembles a horizontal line"
143,"Emergency alert: Beeg-shaped void detected in server atmosphere"
144,"Beeg's relationship status update broke his Discord account"
145,"The server's most successful disappearing act (no magic required)"
146,"Beeg's last seen timestamp is written in ancient runes"
147,"Breaking: Local friend achieves perfect invisibility without trying"
148,"Beeg's Discord notifications have formed their own support group"
149,"The group chat's missing puzzle piece is Beeg-shaped"
150,"Beeg's online presence is like a solar eclipse - rare and brief"
151,"üîç BEEG DETECTION PROTOCOL INITIATED üîç"
152,"Beeg's girlfriend must have really good WiFi AND really good snacks"
153,"The server's most dedicated offline player"
154,"Breaking: Scientists discover new dimension where Beeg exists but can't type"
155,"Beeg's last Discord activity predates the invention of the internet"
156,"Emergency broadcast: Beeg sighting reported (false alarm: was just wishful thinking)"
157,"Beeg's online status is more mysterious than the Bermuda Triangle"
158,"The ancient texts speak of a chosen one who would master the art of digital disappearance"
159,"Beeg's notification badges have achieved sentience and started their own chat"
160,"Fun drinking game: Take a sip every time someone mentions Beeg (alcohol poisoning guaranteed)"
161,"The server's coldest case file: 'The Beeg Vanishing'"
162,"Beeg's Discord activity is sponsored by 'How to Ghost Your Friends Professionally'"
163,"Breaking: Local man discovers love, immediately develops selective hearing for notifications"
164,"Beeg's online presence is like finding a needle in a haystack (if the needle could walk away)"
165,"The group chat's most successful social media detox participant"
166,"Beeg's last message is being translated by ancient language experts"
167,"Emergency protocol: Send carrier pigeon to Beeg's location"
168,"Beeg's girlfriend must have Discord-repelling superpowers"
169,"The server's most wanted poster features Beeg's 'last seen 3 months ago' status"
170,"Beeg's online activity frequency: Once per solar system alignment"
171,"Fun fact: Beeg's phone battery lasts forever due to lack of Discord usage"
172,"The ancient ritual of Beeg summoning requires three full moons and a stable internet connection"
173,"Beeg's Discord icon has more online presence than Beeg himself"
174,"Breaking: Relationship success rate inversely proportional to Discord activity, study confirms"
175,"Beeg's notification sound has taken early retirement"
176,"The server's biggest mystery: How does one simply walk away from memes?"
177,"Beeg's last online status update was carved in stone tablets"
178,"Emergency meeting: Establish Beeg Memorial Day"
179,"Beeg's online invisibility has reached professional spy levels"
180,"The group chat's most legendary ghost member"
181,"Beeg's Discord status: 'It's complicated (with being online)'"
182,"Fun game: Beeg hide and seek (he's been hiding for months)"
183,"The server's most successful digital nomad (he never returned from his journey)"
184,"Beeg's last message has been submitted to the Guinness Book of World Records"
185,"Breaking: Local friend discovers offline world has better graphics"
186,"Beeg's online presence is like WiFi in a dead zone - theoretically possible"
187,"The ancient prophecy: 'When the server needs him most, Beeg will remain offline'"
188,"Beeg's notification count has broken the integer limit"
189,"Emergency broadcast: Will trade entire meme collection for one Beeg sighting"
190,"Beeg's relationship timeline perfectly correlates with server inactivity"
191,"The server's most successful witness relocation participant"
192,"Beeg's Discord activity is more rare than finding a unicorn"
193,"Fun fact: Beeg's 'last seen' status is older than some server members"
194,"The group chat's biggest unsolved case: The Mystery of the Missing Beeg"
195,"Beeg's online status is like a mythical creature - often spoken of, never seen"
196,"Breaking: Scientists study Beeg's vanishing technique for teleportation research"
197,"Beeg's Discord notifications have started their own support group chat"
198,"The server's most elusive member has achieved legendary status"
199,"Beeg's last online activity is considered ancient history by internet standards"
200,"Emergency protocol: Check if Discord still remembers Beeg exists"
201,"‚ö° SUMMONING JUTSU: BEEG ACTIVATION TECHNIQUE ‚ö°"
202,"Beeg's girlfriend must have really good snacks AND really good WiFi AND mind control powers"
203,"The server's most successful digital hermit"
204,"Breaking: Local man discovers love, immediately develops Discord amnesia"
205,"Beeg's online presence is like a limited edition Pokemon - extremely rare"
206,"The ancient art of Beeg communication requires smoke signals"
207,"Beeg's last message is being preserved in the Discord Hall of Fame"
208,"Emergency alert: Server experiencing critical Beeg deficiency"
209,"Beeg's notification sound has filed for workers' compensation due to lack of work"
210,"The group chat's most wanted: Beeg (reward: one genuine friendship)"
211,"Beeg's Discord activity graph looks like a flatline EKG"
212,"Fun drinking game: Mention Beeg every hour (you'll remember him but he won't appear)"
213,"The server's biggest mystery: How to make Beeg remember he has friends"
214,"Beeg's online status update frequency: Once per ice age"
215,"Breaking: Relationship coaches study Beeg as example of 'too much balance'"
216,"Beeg's Discord icon is basically a memorial statue at this point"
217,"The ancient prophecy foretells Beeg's return when memes reach critical mass"
218,"Beeg's last seen timestamp has been declared a historical landmark"
219,"Emergency meeting: How to establish contact with the Beeg dimension"
220,"Beeg's online invisibility cloak is stuck in permanent mode"
221,"The server's most dedicated lurker has stopped lurking entirely"
222,"Beeg's notification badges have achieved consciousness and started dating each other"
223,"Fun fact: Beeg's phone thinks Discord is a forgotten ancient app"
224,"The group chat's greatest magic trick: Making Beeg vanish without a trace"
225,"Beeg's online activity is sponsored by 'Professional Ghosting Techniques'"
226,"Breaking: Local friend achieves perfect work-life balance by eliminating digital life"
227,"Beeg's Discord status: 'Away' (destination: girlfriend's dimension)"
228,"The server's most successful time traveler (he went to the future and stayed there)"
229,"Beeg's last message is being studied by cryptographers"
230,"Emergency broadcast: Beeg detection satellites have found nothing"
231,"Beeg's relationship success is directly proportional to his Discord absence"
232,"The ancient ritual of Beeg summoning requires offering of quality memes"
233,"Beeg's online presence is like finding Waldo in a completely white page"
234,"Fun game: Count how many days since Beeg was last online (calculator required)"
235,"The server's coldest case: 'Where in the World is Beeg Sandiego?'"
236,"Beeg's Discord activity level: Negative infinity"
237,"Breaking: Scientists discover new form of social camouflage through complete absence"
238,"Beeg's notification sound has started a new career in elevator music"
239,"The group chat's most legendary disappearing act since magic was invented"
240,"Beeg's last online status is older than some internet memes"
241,"Emergency protocol: Send search and rescue team to girlfriend's house"
242,"Beeg's online invisibility has reached mythical proportions"
243,"The server's most wanted criminal: Beeg (for abandoning friendship duties)"
244,"Beeg's Discord icon has more personality than some active members"
245,"Fun fact: Beeg's 'last seen' status is considered archaeological evidence"
246,"The ancient prophecy: 'He who disappears completely shall be remembered always'"
247,"Beeg's notification count has broken Discord's database"
248,"Breaking: Local man discovers offline world, never returns to tell the tale"
249,"Beeg's online activity frequency: Once per planetary alignment"
250,"The server's most successful digital detox participant (permanent edition)"
251,"üåü BEEG RESURRECTION PROTOCOL ACTIVATED üåü"
252,"Beeg's girlfriend must have Discord-blocking force field technology"
253,"The server's most dedicated ghost who doesn't even haunt anymore"
254,"Breaking: Relationship experts cite Beeg as 'too successful at prioritizing'"
255,"Beeg's last Discord message is now taught in digital archaeology classes"
256,"Emergency alert: Critical Beeg shortage detected in server atmosphere"
257,"Beeg's online presence is like spotting Bigfoot - everyone claims it happened but no proof"
258,"The ancient art of Beeg detection requires NASA-level technology"
259,"Beeg's notification badges have formed a union and gone on strike"
260,"Fun drinking game: Every time someone asks 'Where's Beeg?' (everyone dies of alcohol poisoning)"
261,"The server's biggest unsolved mystery rivals the lost city of Atlantis"
262,"Beeg's Discord activity is more rare than a blue moon during a solar eclipse"
263,"Breaking: Local friend discovers love, immediately forgets how to use technology"
264,"Beeg's online status update timeline: Prehistoric era"
265,"The group chat's most successful vanishing act without using actual magic"
266,"Beeg's last seen timestamp has been carbon-dated to ancient times"
267,"Emergency meeting: How to negotiate peace treaty with Beeg's girlfriend"
268,"Beeg's online invisibility cloak is working at maximum efficiency"
269,"The server's most elusive cryptid has achieved legendary ghost status"
270,"Beeg's Discord icon is basically a museum piece dedicated to friendship"
271,"Fun fact: Beeg's phone autocorrects 'Discord' to 'What's that app again?'"
272,"The ancient ritual of Beeg summoning requires sacrifice of best memes"
273,"Beeg's notification sound has taken a permanent vacation"
274,"Breaking: Scientists study Beeg's disappearance technique for invisibility research"
275,"Beeg's online activity graph is flatter than Kansas"
276,"The server's most wanted: Beeg (crime: aggravated friendship abandonment)"
277,"Beeg's last message has achieved mythical status among chat legends"
278,"Emergency broadcast: Will accept any form of Beeg-related communication"
279,"Beeg's relationship timeline perfectly mirrors his Discord exodus timeline"
280,"The group chat's missing link in the friendship chain"
281,"Beeg's online presence is like finding a four-leaf clover in a desert"
282,"Fun game: Beeg bingo (impossible to win because Beeg never appears)"
283,"The server's most successful digital hermit has achieved enlightenment through absence"
284,"Beeg's Discord status: 'Away' (estimated return date: never)"
285,"Breaking: Local man masters art of being physically present but digitally extinct"
286,"Beeg's notification count has achieved mathematical impossibility"
287,"The ancient prophecy speaks of Beeg's return during the next ice age"
288,"Beeg's last online activity is considered ancient internet history"
289,"Emergency protocol: Establish Beeg Remembrance Day"
290,"Beeg's online invisibility has reached supernatural levels"
291,"The server's coldest case file grows colder by the day"
292,"Beeg's Discord activity frequency: Once per millennium"
293,"Fun fact: Beeg's profile picture has more online presence than actual Beeg"
294,"The group chat's greatest mystery: How to reverse Beeg's disappearing spell"
295,"Beeg's online status is more elusive than the meaning of life"
296,"Breaking: Relationship success directly causes Discord amnesia, local study proves"
297,"Beeg's last seen status predates the invention of emojis"
298,"Emergency alert: Server experiencing existential crisis without Beeg"
299,"Beeg's notification sound has started therapy for abandonment issues"
300,"The ancient art of Beeg communication now requires archaeological expertise"
301,"üé≠ BEEG SUMMONING THEATER PERFORMANCE BEGINS üé≠"
302,"Beeg's girlfriend must have really good snacks, WiFi, AND a Discord-proof bunker"
303,"The server's most successful digital nomad forgot to send postcards"
304,"Breaking: Local friend discovers offline world has better resolution than Discord"
305,"Beeg's online presence is like winning the lottery - theoretically possible but practically never"
306,"The ancient ritual of Beeg detection requires quantum computing"
307,"Beeg's last Discord activity is being preserved by internet historians"
308,"Emergency meeting: How to establish diplomatic relations with the offline world"
309,"Beeg's notification badges have achieved sentience and started their own server"
310,"The group chat's most legendary member exists only in stories now"
311,"Beeg's Discord activity level: Schrodinger's cat (simultaneously online and offline, but mostly offline)"
312,"Fun drinking game: Take a shot every time Beeg messages first (you'll die of sobriety)"
313,"The server's biggest mystery: How does one simply walk away from friendship?"
314,"Beeg's online status update frequency: Once per cosmic cycle"
315,"Breaking: Scientists discover new dimension where Beeg exists but Discord doesn't"
316,"Beeg's Discord icon is basically a shrine to departed friendships"
317,"The ancient prophecy: 'When the WiFi is strongest, Beeg shall remain weakest'"
318,"Beeg's last message is being translated by ancient language experts"
319,"Emergency broadcast: Beeg search party reports no findings (as usual)"
320,"Beeg's online invisibility has reached professional magician status"
321,"The server's most dedicated member became most absent member"
322,"Beeg's notification sound has filed unemployment benefits"
323,"Fun fact: Beeg's 'last seen' status is older than some Discord features"
324,"The group chat's most successful witness protection participant"
325,"Beeg's online activity is sponsored by 'How to Disappear Digitally'"
326,"Breaking: Local man achieves perfect life balance by eliminating online component"
327,"Beeg's Discord status: 'It's complicated (with existing digitally)'"
328,"The server's most elusive member has transcended to legend status"
329,"Beeg's last online timestamp has been declared a historical monument"
330,"Emergency protocol: Check if Beeg still remembers his Discord password"
331,"Beeg's relationship success inversely affects his digital existence"
332,"The ancient art of Beeg summoning requires offering of premium memes"
333,"Beeg's online presence is like catching lightning in a bottle during a drought"
334,"Fun game: Find Beeg online (difficulty: nightmare mode)"
335,"The server's coldest case grows colder with each passing day"
336,"Beeg's Discord activity frequency: Once per galactic rotation"
337,"Breaking: Relationship coaches cite Beeg as 'too effective at prioritizing'"
338,"Beeg's notification count has broken the space-time continuum"
339,"The group chat's greatest vanishing act since Houdini learned magic"
340,"Beeg's online status is more mysterious than the Loch Ness Monster"
341,"Emergency alert: Server population decreased by 100% of its Beeg content"
342,"Beeg's last seen status predates the Big Bang"
343,"The ancient prophecy foretells Beeg's return when memes achieve sentience"
344,"Beeg's Discord icon has achieved museum-quality status"
345,"Fun fact: Beeg's phone thinks his friends are fictional characters from a dream"
346,"The server's most wanted: Beeg (reward: restoration of group chat balance)"
347,"Beeg's online invisibility cloak is stuck on maximum stealth mode"
348,"Breaking: Local friend discovers love, immediately develops selective Discord blindness"
349,"Beeg's notification sound has started a new career in silent films"
350,"The group chat's missing ingredient: one tablespoon of active Beeg"
351,"üé™ BEEG SUMMONING CIRCUS SPECTACULAR üé™"
352,"Beeg's girlfriend must have Discord-neutralizing superpowers AND time manipulation abilities"
353,"The server's most successful digital hermit has achieved nirvana through absence"
354,"Breaking: Scientists study Beeg's vanishing technique for military stealth applications"
355,"Beeg's last Discord message is considered a historical document"
356,"Emergency meeting: How to establish contact with Beeg's parallel dimension"
357,"Beeg's online presence is like finding a unicorn riding a rainbow in space"
358,"The ancient art of Beeg communication requires telepathic abilities"
359,"Beeg's notification badges have evolved and started their own civilization"
360,"Fun drinking game: Mention Beeg's name and wait for response (designated driver for life)"
361,"The server's biggest mystery: How to reverse engineer Beeg's disappearing act"
362,"Beeg's Discord activity level: Quantum superposition (everywhere and nowhere)"
363,"Breaking: Local man masters ultimate camouflage through complete digital absence"
364,"Beeg's online status update timeline: Before the invention of time"
365,"The group chat's most legendary ghost story: The Tale of the Vanishing Beeg"
366,"Beeg's last seen timestamp requires carbon dating to understand"
367,"Emergency broadcast: Beeg detection systems show no signs of life"
368,"Beeg's online invisibility has reached interdimensional levels"
369,"The server's most elusive cryptid makes Bigfoot look common"
370,"Beeg's Discord icon is basically a memorial to digital friendship"
371,"Fun fact: Beeg's 'away' status has become a permanent lifestyle choice"
372,"The ancient ritual of Beeg summoning requires sacrifice of internet connection"
373,"Beeg's notification sound has joined a monastery and taken a vow of silence"
374,"Breaking: Relationship success rate proves inversely proportional to Discord activity"
375,"Beeg's online activity frequency: Once per universe heat death and rebirth"
376,"The server's most wanted criminal: Beeg (charges: aggravated friend ghosting)"
377,"Beeg's last message has been nominated for the Discord Hall of Fame"
378,"Emergency protocol: Send carrier pigeons with WiFi hotspots to Beeg's location"
379,"Beeg's relationship timeline perfectly matches server abandonment timeline"
380,"The group chat's missing puzzle piece is Beeg-shaped and impossible to replace"
381,"Beeg's online presence is like spotting a shooting star during daylight"
382,"Fun game: Beeg hide and seek championship (he's been winning for months)"
383,"The server's most successful digital detox participant (involuntary but effective)"
384,"Beeg's Discord status: 'Away' (destination: happiness, apparently)"
385,"Breaking: Local friend discovers offline world has better graphics and girlfriend"
386,"Beeg's notification count has achieved theoretical physics impossibility"
387,"The ancient prophecy: 'When Discord needs him most, Beeg will be most absent'"
388,"Beeg's last online activity predates the invention of social media"
389,"Emergency alert: Critical Beeg deficiency causing server instability"
390,"Beeg's online invisibility cloak is operating at 110% efficiency"
391,"The server's coldest case file: 'The Great Beeg Vanishing of [current year]'"
392,"Beeg's Discord activity graph resembles a horizontal line with trust issues"
393,"Fun fact: Beeg's profile picture has achieved more social interaction than Beeg"
394,"The group chat's greatest mystery: How to make Beeg remember friendship exists"
395,"Beeg's online status is more elusive than finding meaning in existence"
396,"Breaking: Scientists discover new form of matter: absent Beeg particles"
397,"Beeg's last seen status is written in ancient hieroglyphics"
398,"Emergency meeting: How to negotiate Beeg's return from relationship dimension"
399,"Beeg's notification sound has started therapy for chronic underutilization"
400,"The ancient art of Beeg detection now requires NASA satellites"
401,"üé≠ BEEG SUMMONING BROADWAY MUSICAL üé≠"
402,"Beeg's girlfriend must have Discord-repelling force field AND mind erasing technology"
403,"The server's most dedicated member transformed into most absent legend"
404,"Breaking: Local man discovers love, immediately forgets how to internet"
405,"Beeg's online presence is like finding Atlantis while riding a unicorn"
406,"The ancient ritual of Beeg summoning requires offering of legendary memes"
407,"Beeg's last Discord activity is being studied by digital archaeologists"
408,"Emergency broadcast: Beeg search and rescue mission returns empty-handed"
409,"Beeg's notification badges have achieved consciousness and started dating"
410,"The group chat's most legendary member exists only in server mythology"
411,"Beeg's Discord activity level: Theoretical possibility with zero practical application"
412,"Fun drinking game: Wait for Beeg to come online (you'll die of old age sober)"
413,"The server's biggest unsolved mystery: The Beeg Disappearance Phenomenon"
414,"Beeg's online status update frequency: Once per Big Bang cycle"
415,"Breaking: Relationship experts study Beeg as case of 'optimization gone too far'"
416,"Beeg's Discord icon is basically a monument to departed digital souls"
417,"The ancient prophecy speaks of Beeg's return when memes reach enlightenment"
418,"Beeg's last message is being preserved in the Internet Archive of Legends"
419,"Emergency protocol: Establish Beeg Memorial Discord Channel with eternal flame emoji"
420,"Beeg's online invisibility has achieved supernatural ghost-level status"
421,"The server's most elusive member makes mythical creatures seem common"
422,"Beeg's notification sound has taken early retirement due to lack of purpose"
423,"Fun fact: Beeg's 'last seen' status is older than some server members' accounts"
424,"The group chat's greatest vanishing act requires no actual magic tricks"
425,"Beeg's online activity is sponsored by 'Professional Disappearing Acts for Dummies'"
426,"Breaking: Local friend achieves perfect digital camouflage through relationship success"
427,"Beeg's Discord status: 'It's complicated (with being findable)'"
428,"The server's most successful time traveler went to the future and liked it too much to return"
429,"Beeg's last online timestamp has been declared a UNESCO World Heritage Site"
430,"Emergency alert: Server experiencing chronic Beeg withdrawal symptoms"
431,"Beeg's relationship success directly correlates with his digital extinction"
432,"The ancient art of Beeg communication requires interdimensional technology"
433,"Beeg's online presence is like catching a cloud with a butterfly net"
434,"Fun game: Beeg spotting (binoculars and miracle required)"
435,"The server's coldest case file needs its own refrigeration unit"
436,"Beeg's Discord activity frequency: Once per multiverse reset"
437,"Breaking: Scientists discover Beeg particles exist in theoretical state only"
438,"Beeg's notification count has transcended mathematical possibility"
439,"The group chat's most wanted: Beeg (last seen: ancient history)"
440,"Beeg's online status is more elusive than finding the meaning of life"
441,"Emergency meeting: How to reverse Beeg's accidental digital teleportation"
442,"Beeg's last seen status requires archaeological excavation to find"
443,"The ancient prophecy: 'Beeg shall return when WiFi reaches spiritual enlightenment'"
444,"Beeg's Discord icon has more personality than some active humans"
445,"Fun fact: Beeg's phone thinks Discord is a legend from internet folklore"
446,"The server's most successful witness protection participant never asked for protection"
447,"Beeg's online invisibility cloak is running on unlimited battery power"
448,"Breaking: Local man discovers offline world, sends no digital postcards"
449,"Beeg's notification sound has started a career in mime performance"
450,"The group chat's missing element: one unit of concentrated Beeg essence"
451,"üé® BEEG SUMMONING ART EXHIBITION üé®"
452,"Beeg's girlfriend must have Discord-erasing powers AND reality manipulation abilities"
453,"The server's most dedicated ghost forgot how to haunt properly"
454,"Breaking: Relationship coaches study Beeg as 'maximum efficiency prioritization case'"
455,"Beeg's last Discord message is considered lost literature of the digital age"
456,"Emergency broadcast: Beeg detection satellites report complete radio silence"
457,"Beeg's online presence is like finding a needle in a haystack that's on fire in space"
458,"The ancient ritual of Beeg summoning requires sacrifice of WiFi router"
459,"Beeg's notification badges have evolved into their own species"
460,"Fun drinking game: Take a sip every time someone mentions missing Beeg (alcohol poisoning speedrun)"
461,"The server's biggest mystery: How Beeg mastered the art of digital vanishing"
462,"Beeg's Discord activity level: Schr√∂dinger's friend (simultaneously exists and doesn't)"
463,"Breaking: Local friend discovers love, immediately develops Discord allergy"
464,"Beeg's online status update timeline: Pre-internet civilization"
465,"The group chat's most legendary disappearing act makes magic look amateur"
466,"Beeg's last seen timestamp requires carbon dating and ancient language translation"
467,"Emergency protocol: Check if Beeg still exists in this dimension"
468,"Beeg's online invisibility has achieved mythological deity status"
469,"The server's most elusive member makes unicorns seem mainstream"
470,"Beeg's Discord icon is basically a digital gravestone at this point"
471,"Fun fact: Beeg's 'away' message has become a philosophical statement"
472,"The ancient art of Beeg detection requires quantum entanglement technology"
473,"Beeg's notification sound has joined a silent retreat monastery"
474,"Breaking: Scientists study Beeg's absence for dark matter research applications"
475,"Beeg's online activity frequency: Once per cosmic background radiation cycle"
476,"The server's most wanted: Beeg (crime: aggravated friendship abandonment with intent to ghost)"
477,"Beeg's last message has achieved legendary status in Discord folklore"
478,"Emergency alert: Server's Beeg levels have reached critically low status"
479,"Beeg's relationship timeline perfectly synchronizes with his digital apocalypse"
480,"The group chat's missing ingredient: one teaspoon of active Beeg participation"
481,"Beeg's online presence is like spotting a rainbow unicorn during a solar eclipse"
482,"Fun game: Where's Beeg? (Like Where's Waldo but impossible and soul-crushing)"
483,"The server's most successful digital hermit achieved enlightenment through complete absence"
484,"Beeg's Discord status: 'Away' (estimated time of return: heat death of universe)"
485,"Breaking: Local man masters ultimate stealth by forgetting he owns a phone"
486,"Beeg's notification count has broken the laws of physics and mathematics"
487,"The ancient prophecy foretells Beeg's return when memes achieve consciousness"
488,"Beeg's last online activity predates the invention of electricity"
489,"Emergency meeting: How to establish peace treaty with Beeg's girlfriend's anti-Discord field"
490,"Beeg's online invisibility cloak is stuck on 'maximum stealth' setting"
491,"The server's coldest case file has achieved absolute zero temperature"
492,"Beeg's Discord activity graph looks like a flat EKG of a digital ghost"
493,"Fun fact: Beeg's profile picture shows more life signs than Beeg himself"
494,"The group chat's greatest mystery: How to perform digital necromancy on Beeg"
495,"Beeg's online status is more theoretical than string theory"
496,"Breaking: Relationship success proves directly toxic to Discord participation"
497,"Beeg's last seen status is carved in digital stone tablets"
498,"Emergency broadcast: Will trade entire server for one Beeg message"
499,"Beeg's notification sound has filed for disability due to chronic underuse"
500,"The ancient ritual of Beeg communication requires archaeological degree"
501,"üé™ BEEG SUMMONING CARNIVAL EXTRAVAGANZA üé™"
502,"Beeg's girlfriend must have Discord-nullifying powers AND time-stopping abilities"
503,"The server's most dedicated member became most absent cryptid"
504,"Breaking: Local friend discovers offline world has better ping than Discord"
505,"Beeg's online presence is like finding a shooting star made of four-leaf clovers"
506,"The ancient art of Beeg summoning requires NASA-level technology and prayer"
507,"Beeg's last Discord activity is being preserved in digital amber"
508,"Emergency protocol: Send smoke signals to Beeg's last known coordinates"
509,"Beeg's notification badges have achieved sentience and started their own religion"
510,"The group chat's most legendary member exists only in server ghost stories"
511,"Beeg's Discord activity level: Quantum uncertainty principle personified"
512,"Fun drinking game: Drink every time Beeg surprises everyone by appearing (you'll die sober)"
513,"The server's biggest unsolved case: The Great Beeg Vanishing Act"
514,"Beeg's online status update frequency: Once per galactic collision"
515,"Breaking: Scientists discover new element: Absent-Beeg-ium (extremely unstable)"
516,"Beeg's Discord icon is basically a museum exhibit titled 'Digital Friendship: Lost'"
517,"The ancient prophecy: 'When Discord reaches peak chaos, Beeg will remain peacefully offline'"
518,"Beeg's last message is being studied by cryptographers and ancient language experts"
519,"Emergency alert: Server experiencing existential crisis due to Beeg deficiency"
520,"Beeg's online invisibility has reached interdimensional phase-shifting levels"
521,"The server's most elusive member makes Sasquatch sightings seem common"
522,"Beeg's notification sound has taken a vow of eternal silence"
523,"Fun fact: Beeg's 'last seen' status is older than some internet protocols"
524,"The group chat's greatest vanishing act requires no smoke, mirrors, or magic"
525,"Beeg's online activity is sponsored by 'How to Ghost Friends Without Trying'"
526,"Breaking: Local man achieves perfect life balance by eliminating digital half"
527,"Beeg's Discord status: 'It's complicated (with existing in cyberspace)'"
528,"The server's most successful digital nomad forgot to pack return ticket"
529,"Beeg's last online timestamp has been registered as historical landmark"
530,"Emergency meeting: How to negotiate Beeg's extradition from relationship dimension"
531,"Beeg's relationship success inversely affects his digital matter composition"
532,"The ancient art of Beeg detection requires particle accelerator technology"
533,"Beeg's online presence is like catching lightning in a bottle during a blackout"
534,"Fun game: Beeg hide and seek world championship (he's undefeated)"
535,"The server's coldest case grows colder than absolute zero"
536,"Beeg's Discord activity frequency: Once per heat death and rebirth of universe"
537,"Breaking: Relationship experts cite Beeg as 'dangerously effective at prioritizing'"
538,"Beeg's notification count has created its own gravitational field"
539,"The group chat's most wanted: Beeg (reward: restoration of cosmic balance)"
540,"Beeg's online status is more elusive than finding purpose in existence"
541,"Emergency broadcast: Beeg search party reports finding only echoes of past memes"
542,"Beeg's last seen status predates the Big Bang and subsequent universe formation"
543,"The ancient prophecy speaks of Beeg's return when WiFi achieves nirvana"
544,"Beeg's Discord icon has achieved immortality through complete inactivity"
545,"Fun fact: Beeg's phone autocorrects 'friends' to 'what are those?'"
546,"The server's most successful witness protection participant never requested protection"
547,"Beeg's online invisibility cloak is operating beyond manufacturer specifications"
548,"Breaking: Local friend discovers love, immediately develops selective Discord blindness"
549,"Beeg's notification sound has started new career in abstract silence art"
550,"The group chat's missing component: one dose of concentrated Beeg essence"
551,"üé≠ BEEG SUMMONING OPERA PERFORMANCE üé≠"
552,"Beeg's girlfriend must have Discord-dissolving abilities AND reality-warping powers"
553,"The server's most dedicated ghost transcended beyond haunting capabilities"
554,"Breaking: Scientists study Beeg's vanishing for invisibility cloak development"
555,"Beeg's last Discord message is considered lost treasure of digital civilization"
556,"Emergency alert: Beeg detection systems show no signs of digital life"
557,"Beeg's online presence is like finding Atlantis while riding a unicorn through time"
558,"The ancient ritual of Beeg summoning requires sacrifice of internet itself"
559,"Beeg's notification badges have evolved and colonized their own server"
560,"Fun drinking game: Wait for Beeg notification sound (you'll achieve enlightenment through sobriety)"
561,"The server's biggest mystery: How Beeg achieved perfect digital camouflage"
562,"Beeg's Discord activity level: Heisenberg uncertainty principle in action"
563,"Breaking: Local man masters art of existing everywhere except Discord"
564,"Beeg's online status update timeline: Before time itself was invented"
565,"The group chat's most legendary vanishing act makes Houdini look amateur"
566,"Beeg's last seen timestamp requires archaeological dig to uncover"
567,"Emergency protocol: Check if Discord still has record of Beeg's existence"
568,"Beeg's online invisibility has achieved theoretical physics impossibility"
569,"The server's most elusive cryptid makes mythical beings seem ordinary"
570,"Beeg's Discord icon is basically digital memorial to friendship itself"
571,"Fun fact: Beeg's 'away' status has become permanent philosophical stance"
572,"The ancient art of Beeg communication requires telepathic WiFi connection"
573,"Beeg's notification sound has joined monastery for chronically unused sounds"
574,"Breaking: Relationship success proves mathematically inverse to Discord activity"
575,"Beeg's online activity frequency: Once per complete universal cycle"
576,"The server's most wanted criminal: Beeg (charges: first-degree friend ghosting)"
577,"Beeg's last message has been inducted into Discord Hall of Legends"
578,"Emergency meeting: How to reverse Beeg's accidental teleportation to happiness dimension"
579,"Beeg's relationship timeline perfectly correlates with server population decline"
580,"The group chat's missing puzzle piece exists only in theoretical mathematics"
581,"Beeg's online presence is like spotting Bigfoot riding Nessie during aurora borealis"
582,"Fun game: Find Beeg online (difficulty level: Chuck Norris nightmare mode)"
583,"The server's most successful digital detox participant never signed up for detox"
584,"Beeg's Discord status: 'Away' (destination: actual human connection)"
585,"Breaking: Local friend discovers offline world has superior graphics and girlfriend DLC"
586,"Beeg's notification count has achieved singularity status"
587,"The ancient prophecy: 'When servers need heroes most, Beeg will be most absent'"
588,"Beeg's last online activity predates invention of digital communication"
589,"Emergency broadcast: Will accept any proof of Beeg's continued existence"
590,"Beeg's online invisibility cloak has achieved perpetual motion status"
591,"The server's coldest case file requires own climate-controlled storage"
592,"Beeg's Discord activity graph resembles flat line with commitment issues"
593,"Fun fact: Beeg's profile picture has more social life than actual Beeg"
594,"The group chat's greatest mystery: How to reverse digital vanishing spell"
595,"Beeg's online status is more theoretical than quantum mechanics"
596,"Breaking: Scientists discover new state of matter: digitally absent Beeg particles"
597,"Beeg's last seen status written in ancient code nobody can decipher"
598,"Emergency alert: Server's Beeg content has reached dangerous depletion levels"
599,"Beeg's notification sound has filed unemployment and started interpretive dance career"
600,"The ancient ritual of Beeg detection now requires CERN particle collider"
601,"üé® BEEG SUMMONING RENAISSANCE MASTERPIECE üé®"
602,"Beeg's girlfriend must have Discord-erasing abilities AND dimension-folding technology"
603,"The server's most dedicated member evolved into most absent legend"
604,"Breaking: Local man discovers love, immediately forgets WiFi password permanently"
605,"Beeg's online presence is like finding unicorn tears in dragon's nest during eclipse"
606,"The ancient art of Beeg summoning requires offering of rarest Pepe memes"
607,"Beeg's last Discord activity being preserved by Internet Historical Society"
608,"Emergency protocol: Send interdimensional rescue team to girlfriend's house"
609,"Beeg's notification badges achieved consciousness and started own Discord server"
610,"The group chat's most legendary member exists only in server folklore"
611,"Beeg's Discord activity level: Schr√∂dinger's friend having existential crisis"
612,"Fun drinking game: Mention Beeg every minute until he responds (liver failure guaranteed)"
613,"The server's biggest unsolved mystery requires own investigation department"
614,"Beeg's online status update frequency: Once per complete multiverse reboot"
615,"Breaking: Relationship coaches study Beeg as 'maximum optimization gone wrong'"
616,"Beeg's Discord icon basically digital tombstone for departed friendship"
617,"The ancient prophecy foretells Beeg's return when memes achieve enlightenment"
618,"Beeg's last message being translated by team of digital archaeologists"
619,"Emergency meeting: How to establish diplomatic relations with offline world"
620,"Beeg's online invisibility reached levels that break laws of physics"
621,"The server's most elusive member makes unicorns seem like common pigeons"
622,"Beeg's notification sound has taken permanent sabbatical for mental health"
623,"Fun fact: Beeg's 'last seen' older than some programming languages"
624,"The group chat's greatest disappearing act requires no actual disappearing"
625,"Beeg's online activity sponsored by 'Professional Ghosting: Advanced Techniques'"
626,"Breaking: Local friend achieves perfect stealth through complete relationship focus"
627,"Beeg's Discord status: 'It's complicated (with remembering Discord exists)'"
628,"The server's most successful time traveler went forward and stayed there"
629,"Beeg's last online timestamp declared protected digital heritage site"
630,"Emergency alert: Critical Beeg shortage causing server dimensional instability"
631,"Beeg's relationship success directly proportional to his digital matter dissolution"
632,"The ancient art of Beeg communication requires PhD in theoretical friendship"
633,"Beeg's online presence like catching shooting star with butterfly net underwater"
634,"Fun game: Beeg spotting safari (bring survival gear and infinite patience)"
635,"The server's coldest case file reached absolute zero and kept going"
636,"Beeg's Discord activity frequency: Once per Big Bang, heat death, repeat cycle"
637,"Breaking: Scientists discover Beeg exists only in parallel universe where Discord doesn't"
638,"Beeg's notification count transcended mathematics and entered philosophy"
639,"The group chat's most wanted: Beeg (last seen: before invention of time)"
640,"Beeg's online status more elusive than finding meaning in universe"
641,"Emergency broadcast: Beeg detection equipment reports only digital tumbleweed"
642,"Beeg's last seen status requires time machine to witness"
643,"The ancient prophecy: 'Beeg shall return when WiFi reaches spiritual transcendence'"
644,"Beeg's Discord icon achieved immortality through complete abandonment"
645,"Fun fact: Beeg's phone thinks Discord mythical app from internet legends"
646,"The server's most successful digital hermit achieved nirvana through total absence"
647,"Beeg's online invisibility cloak running on unlimited power source"
648,"Breaking: Local man discovers offline world, burns all digital bridges"
649,"Beeg's notification sound started new career in professional silence"
650,"The group chat's missing element: one particle of concentrated Beeg energy"
651,"üé™ BEEG SUMMONING INTERGALACTIC CIRCUS üé™"
652,"Beeg's girlfriend must have reality-altering powers AND Discord-nullifying force field"
653,"The server's most dedicated ghost forgot how to exist digitally"
654,"Breaking: Relationship experts study Beeg as 'prioritization taken too far'"
655,"Beeg's last Discord message considered lost artifact of digital age"
656,"Emergency protocol: Launch satellites specifically designed to detect Beeg signals"
657,"Beeg's online presence like finding Atlantis riding unicorn through black hole"
658,"The ancient ritual of Beeg summoning requires sacrifice of entire internet"
659,"Beeg's notification badges evolved into separate intelligent species"
660,"Fun drinking game: Every time someone successfully contacts Beeg (you'll die of dehydration)"
661,"The server's biggest mystery: How Beeg mastered art of digital nonexistence"
662,"Beeg's Discord activity level: Quantum superposition having midlife crisis"
663,"Breaking: Local friend discovers love, immediately develops Discord amnesia"
664,"Beeg's online status update timeline: Pre-Big Bang primordial soup era"
665,"The group chat's most legendary vanishing act defies laws of physics"
666,"Beeg's last seen timestamp requires archaeological expedition to locate"
667,"Emergency meeting: How to negotiate Beeg's return from dimension of happiness"
668,"Beeg's online invisibility achieved theoretical impossibility status"
669,"The server's most elusive member makes Bigfoot seem like attention seeker"
670,"Beeg's Discord icon basically digital shrine to abandoned friendships"
671,"Fun fact: Beeg's 'away' message became permanent life philosophy"
672,"The ancient art of Beeg detection requires NASA and MIT collaboration"
673,"Beeg's notification sound joined support group for chronically ignored sounds"
674,"Breaking: Scientists study Beeg's absence for teleportation research"
675,"Beeg's online activity frequency: Once per complete universal reincarnation"
676,"The server's most wanted: Beeg (crime: aggravated digital abandonment)"
677,"Beeg's last message achieved legendary status in internet mythology"
678,"Emergency alert: Server's Beeg levels critically low, approaching zero"
679,"Beeg's relationship timeline perfectly synchronized with digital extinction event"
680,"The group chat's missing component exists only in theoretical physics"
681,"Beeg's online presence like spotting rainbow unicorn during solar eclipse in space"
682,"Fun game: Where's Beeg championship (undefeated hide-and-seek champion)"
683,"The server's most successful digital nomad forgot return address"
684,"Beeg's Discord status: 'Away' (estimated return: never o'clock)"
685,"Breaking: Local man achieves perfect invisibility through complete girlfriend focus"
686,"Beeg's notification count created its own pocket dimension"
687,"The ancient prophecy: 'When Discord reaches peak activity, Beeg reaches peak absence'"
688,"Beeg's last online activity predates invention of binary code"
689,"Emergency broadcast: Will trade server ownership for one Beeg appearance"
690,"Beeg's online invisibility cloak achieved perpetual energy status"
691,"The server's coldest case file needs its own ice age"
692,"Beeg's Discord activity graph flatter than two-dimensional plane"
693,"Fun fact: Beeg's profile picture shows more signs of life than Beeg"
694,"The group chat's greatest mystery: How to perform digital resurrection"
695,"Beeg's online status more theoretical than string theory mathematics"
696,"Breaking: Relationship success proves directly toxic to digital existence"
697,"Beeg's last seen status carved in primordial digital stone"
698,"Emergency protocol: Check if Beeg exists in any known dimension"
699,"Beeg's notification sound has taken vow of eternal professional silence"
700,"The ancient ritual of Beeg communication requires interdimensional translator"
701,"üé≠ BEEG SUMMONING SHAKESPEAREAN TRAGEDY üé≠"
702,"Beeg's girlfriend must have Discord-dissolving powers AND time-manipulation abilities"
703,"The server's most dedicated member transformed into most absent mythology"
704,"Breaking: Local friend discovers offline world has better storyline than Discord"
705,"Beeg's online presence like finding needle in haystack that's in different universe"
706,"The ancient art of Beeg summoning requires offering of legendary rare memes"
707,"Beeg's last Discord activity preserved in digital museum of lost friendships"
708,"Emergency alert: Beeg detection systems report complete radio silence across all dimensions"
709,"Beeg's notification badges achieved sentience and started their own civilization"
710,"The group chat's most legendary member exists only in server creation myths"
711,"Beeg's Discord activity level: Quantum uncertainty principle having existential breakdown"
712,"Fun drinking game: Wait for Beeg to break his silence (you'll achieve enlightenment through sobriety)"
713,"The server's biggest unsolved case: The Phenomenon of Beeg's Digital Vanishing"
714,"Beeg's online status update frequency: Once per complete cosmic reboot sequence"
715,"Breaking: Scientists discover Beeg particles exist only in theoretical state"
716,"Beeg's Discord icon basically digital gravestone for concept of friendship itself"
717,"The ancient prophecy speaks of Beeg's return when internet achieves consciousness"
718,"Beeg's last message being studied by digital anthropologists and meme historians"
719,"Emergency meeting: How to establish peace treaty with Beeg's girlfriend's anti-Discord field"
720,"Beeg's online invisibility has transcended beyond measurable physics"
721,"The server's most elusive cryptid makes mythical creatures seem mainstream"
722,"Beeg's notification sound has filed for disability benefits due to chronic neglect"
723,"Fun fact: Beeg's 'last seen' status older than some internet memes"
724,"The group chat's greatest disappearing act makes magic look like amateur hour"
725,"Beeg's online activity sponsored by 'How to Ghost Friends: PhD Level'"
726,"Breaking: Local man masters ultimate camouflage through complete relationship immersion"
727,"Beeg's Discord status: 'It's complicated (with existing in digital realm)'"
728,"The server's most successful digital hermit achieved enlightenment through pure absence"
729,"Beeg's last online timestamp registered as UNESCO Digital Heritage Site"
730,"Emergency broadcast: Server experiencing chronic Beeg deficiency syndrome"
731,"Beeg's relationship success directly correlates with his particle-level digital dissolution"
732,"The ancient art of Beeg detection requires collaboration between NASA and CERN"
733,"Beeg's online presence like catching lightning in bottle during universal heat death"
734,"Fun game: Beeg hide-and-seek galactic championship (he's intergalactic champion)"
735,"The server's coldest case file achieved temperature below absolute zero"
736,"Beeg's Discord activity frequency: Once per complete multiverse collapse and reconstruction"
737,"Breaking: Relationship coaches cite Beeg as 'optimization paradox case study'"
738,"Beeg's notification count has created its own gravitational singularity"
739,"The group chat's most wanted: Beeg (reward: restoration of universal balance)"
740,"Beeg's online status more elusive than finding purpose in infinite cosmos"
741,"Emergency protocol: Send interdimensional ambassadors to negotiate Beeg's return"
742,"Beeg's last seen status predates Big Bang and subsequent reality formation"
743,"The ancient prophecy foretells Beeg's return when WiFi reaches cosmic enlightenment"
744,"Beeg's Discord icon achieved digital immortality through complete inactivity"
745,"Fun fact: Beeg's phone autocorrects 'Discord' to 'What's that ancient relic?'"
746,"The server's most successful witness protection participant never requested witness protection"
747,"Beeg's online invisibility cloak operating beyond known laws of physics"
748,"Breaking: Local friend discovers love, immediately forgets digital world exists"
749,"Beeg's notification sound started new career in abstract conceptual silence art"
750,"The group chat's missing ingredient: one quantum of pure concentrated Beeg essence"
751,"üé® BEEG SUMMONING COSMIC ART INSTALLATION üé®"
752,"Beeg's girlfriend must have reality-warping abilities AND Discord-erasing superpowers"
753,"The server's most dedicated ghost transcended beyond ability to haunt"
754,"Breaking: Scientists study Beeg's vanishing technique for matter transportation research"
755,"Beeg's last Discord message considered lost treasure of digital civilization"
756,"Emergency alert: Beeg detection equipment reports finding only echoes of ancient memes"
757,"Beeg's online presence like finding unicorn riding Nessie through wormhole during eclipse"
758,"The ancient ritual of Beeg summoning requires sacrifice of entire internet infrastructure"
759,"Beeg's notification badges evolved into separate intelligent civilization"
760,"Fun drinking game: Take shot every time Beeg surprises everyone (you'll die completely sober)"
761,"The server's biggest mystery: How Beeg achieved perfect digital nonexistence"
762,"Beeg's Discord activity level: Schr√∂dinger's friend having dimensional identity crisis"
763,"Breaking: Local man masters art of existing everywhere except where friends are"
764,"Beeg's online status update timeline: Before concept of time was invented"
765,"The group chat's most legendary vanishing act breaks fundamental laws of reality"
766,"Beeg's last seen timestamp requires time travel expedition to witness"
767,"Emergency meeting: How to reverse Beeg's accidental teleportation to contentment dimension"
768,"Beeg's online invisibility has achieved status beyond theoretical physics"
769,"The server's most elusive member makes unicorns look like common housepets"
770,"Beeg's Discord icon basically digital monument to concept of abandoned friendship"
771,"Fun fact: Beeg's 'away' status has become permanent existential philosophy"
772,"The ancient art of Beeg communication requires PhD in theoretical digital archaeology"
773,"Beeg's notification sound joined monastery for sounds that have lost purpose"
774,"Breaking: Relationship success proves mathematically inverse to digital particle existence"
775,"Beeg's online activity frequency: Once per complete universal rebirth cycle"
776,"The server's most wanted criminal: Beeg (charges: first-degree digital abandonment)"
777,"Beeg's last message has been inducted into Internet Hall of Legendary Legends"
778,"Emergency broadcast: Will sacrifice entire meme collection for one Beeg sighting"
779,"Beeg's relationship timeline perfectly synchronizes with server's digital apocalypse"
780,"The group chat's missing puzzle piece exists only in advanced theoretical mathematics"
781,"Beeg's online presence like spotting Bigfoot riding unicorn through black hole"
782,"Fun game: Find Beeg online (difficulty level: impossible squared)"
783,"The server's most successful digital detox participant never knew he was detoxing"
784,"Beeg's Discord status: 'Away' (destination: actual meaningful human connection)"
785,"Breaking: Local friend discovers offline world has better resolution and girlfriend expansion pack"
786,"Beeg's notification count has achieved singularity and started expanding universe"
787,"The ancient prophecy: 'When Discord reaches maximum chaos, Beeg will achieve maximum peace'"
788,"Beeg's last online activity predates invention of electronic communication"
789,"Emergency protocol: Launch space mission to find Beeg in girlfriend's orbit"
790,"Beeg's online invisibility cloak has achieved perpetual motion and self-sustainability"
791,"The server's coldest case file requires its own specialized freezer unit"
792,"Beeg's Discord activity graph resembles flat EKG of digitally deceased friend"
793,"Fun fact: Beeg's profile picture has more active social life than Beeg himself"
794,"The group chat's greatest mystery: How to perform digital necromancy on living person"
795,"Beeg's online status more theoretical than quantum mechanics during fever dream"
796,"Breaking: Scientists discover new element: Absent-Beeg-onium (half-life: eternal)"
797,"Beeg's last seen status written in code that predates written language"
798,"Emergency alert: Server's Beeg content has reached dangerously critical depletion"
799,"Beeg's notification sound has filed for unemployment and started meditation retreat"
800,"The ancient ritual of Beeg detection now requires Large Hadron Collider"
801,"üé™ BEEG SUMMONING INTERDIMENSIONAL CARNIVAL üé™"
802,"Beeg's girlfriend must have Discord-nullifying abilities AND reality-restructuring powers"
803,"The server's most dedicated member evolved into most absent cosmic entity"
804,"Breaking: Local man discovers love, immediately develops selective digital blindness"
805,"Beeg's online presence like finding Atlantis while riding unicorn through time paradox"
806,"The ancient art of Beeg summoning requires offering of ultra-rare legendary memes"
807,"Beeg's last Discord activity being preserved by Digital Heritage Foundation"
808,"Emergency alert: Beeg detection satellites report complete silence across all known dimensions"
809,"Beeg's notification badges achieved consciousness and colonized their own galaxy"
810,"The group chat's most legendary member exists only in server creation mythology"
811,"Beeg's Discord activity level: Quantum superposition having midlife existential crisis"
812,"Fun drinking game: Mention Beeg every second until response (you'll transcend sobriety)"
813,"The server's biggest unsolved mystery requires its own research institute"
814,"Beeg's online status update frequency: Once per complete cosmic consciousness cycle"
815,"Breaking: Relationship experts study Beeg as 'perfect prioritization gone too perfect'"
816,"Beeg's Discord icon basically digital shrine to lost art of friendship"
817,"The ancient prophecy foretells Beeg's return when memes achieve universal consciousness"
818,"Beeg's last message being decoded by team of digital archaeologists and philosophers"
819,"Emergency meeting: How to establish diplomatic channel with offline happiness dimension"
820,"Beeg's online invisibility has transcended known laws of digital physics"
821,"The server's most elusive cryptid makes mythical beings seem like attention seekers"
822,"Beeg's notification sound has taken permanent vow of professional silence"
823,"Fun fact: Beeg's 'last seen' status older than some fundamental internet protocols"
824,"The group chat's greatest disappearing act requires no actual magic or effort"
825,"Beeg's online activity sponsored by 'Advanced Ghosting: Master Class Edition'"
826,"Breaking: Local friend achieves perfect stealth through complete girlfriend optimization"
827,"Beeg's Discord status: 'It's complicated (with remembering what Discord is)'"
828,"The server's most successful time traveler went to future and decided to stay"
829,"Beeg's last online timestamp declared protected digital archaeological site"
830,"Emergency broadcast: Critical Beeg shortage causing server reality distortion"
831,"Beeg's relationship success inversely proportional to his digital matter density"
832,"The ancient art of Beeg communication requires PhD in theoretical friendship physics"
833,"Beeg's online presence like catching shooting star with fishing net during eclipse"
834,"Fun game: Beeg spotting expedition (bring camping gear and lifetime supplies)"
835,"The server's coldest case file has achieved temperatures beyond absolute zero"
836,"Beeg's Discord activity frequency: Once per Big Bang, universal expansion, heat death cycle"
837,"Breaking: Scientists discover Beeg exists only in parallel dimension where love doesn't affect WiFi"
838,"Beeg's notification count has transcended mathematics and entered pure philosophy"
839,"The group chat's most wanted: Beeg (last seen: before time and space existed)"
840,"Beeg's online status more elusive than finding meaning in infinite multiverse"
841,"Emergency protocol: Send interdimensional rescue team with girlfriend-negotiation specialists"
842,"Beeg's last seen status requires time machine and archaeological dig to locate"
843,"The ancient prophecy: 'Beeg shall return when WiFi reaches enlightenment and transcends physical realm'"
844,"Beeg's Discord icon achieved digital immortality through complete user abandonment"
845,"Fun fact: Beeg's phone thinks Discord is mythical application from internet folklore"
846,"The server's most successful digital hermit achieved nirvana through total online absence"
847,"Beeg's online invisibility cloak running on infinite energy source from girlfriend's love"
848,"Breaking: Local man discovers offline world, immediately burns all digital identification"
849,"Beeg's notification sound started new career in professional interpretive silence"
850,"The group chat's missing element: one atom of concentrated Beeg participation energy"
851,"üé≠ BEEG SUMMONING UNIVERSAL OPERA üé≠"
852,"Beeg's girlfriend must have reality-altering powers AND Discord-dissolving force field technology"
853,"The server's most dedicated ghost forgot how to exist in digital plane"
854,"Breaking: Relationship coaches study Beeg as 'optimization taken to dangerous extremes'"
855,"Beeg's last Discord message considered lost relic of digital golden age"
856,"Emergency alert: Beeg detection equipment reports finding only digital tumbleweeds and sadness"
857,"Beeg's online presence like finding unicorn tears in dragon's nest during solar storm"
858,"The ancient ritual of Beeg summoning requires sacrifice of entire global internet infrastructure"
859,"Beeg's notification badges evolved into separate intelligent species and started own Discord server"
860,"Fun drinking game: Every time someone successfully makes contact with Beeg (you'll achieve immortality through sobriety)"
861,"The server's biggest mystery: How Beeg mastered art of existing without existing digitally"
862,"Beeg's Discord activity level: Heisenberg uncertainty principle having complete nervous breakdown"
863,"Breaking: Local friend discovers love, immediately develops Discord-specific amnesia syndrome"
864,"Beeg's online status update timeline: Pre-Big Bang primordial quantum soup era"
865,"The group chat's most legendary vanishing act defies fundamental laws of digital physics"
866,"Beeg's last seen timestamp requires archaeological expedition and time travel permit"
867,"Emergency meeting: How to negotiate peace treaty with Beeg's girlfriend's anti-technology field"
868,"Beeg's online invisibility has achieved status beyond theoretical impossibility"
869,"The server's most elusive member makes Bigfoot seem like social media influencer"
870,"Beeg's Discord icon basically digital tombstone for concept of online friendship itself"
871,"Fun fact: Beeg's 'away' message has become permanent philosophical life statement"
872,"The ancient art of Beeg detection requires collaboration between NASA, MIT, and wizards"
873,"Beeg's notification sound joined support group for chronically ignored and abandoned sounds"
874,"Breaking: Scientists study Beeg's digital absence for breakthrough invisibility cloak research"
875,"Beeg's online activity frequency: Once per complete universal consciousness reincarnation cycle"
876,"The server's most wanted criminal: Beeg (charges: aggravated digital abandonment with intent to ghost permanently)"
877,"Beeg's last message achieved legendary status in internet mythology and folklore studies"
878,"Emergency broadcast: Will trade server ownership and firstborn child for one Beeg appearance"
879,"Beeg's relationship timeline perfectly synchronized with server's complete digital extinction event"
880,"The group chat's missing component exists only in advanced theoretical quantum friendship physics"
881,"Beeg's online presence like spotting rainbow unicorn riding Nessie through wormhole during eclipse"
882,"Fun game: Where's Beeg interdimensional championship (he's undefeated across all realities)"
883,"The server's most successful digital nomad forgot return address and burned passport"
884,"Beeg's Discord status: 'Away' (estimated return time: never thirty o'clock on the 32nd of Never)"
885,"Breaking: Local man achieves perfect camouflage through complete immersion in relationship happiness"
886,"Beeg's notification count has created its own pocket universe with different physics laws"
887,"The ancient prophecy: 'When Discord reaches peak digital chaos, Beeg will achieve peak analog peace'"
888,"Beeg's last online activity predates invention of binary code and digital communication"
889,"Emergency protocol: Launch interdimensional space mission to girlfriend's orbital love field"
890,"Beeg's online invisibility cloak has achieved perpetual motion and self-sustaining energy source"
891,"The server's coldest case file needs its own specialized cryogenic storage facility"
892,"Beeg's Discord activity graph flatter than two-dimensional mathematical plane with depression"
893,"Fun fact: Beeg's profile picture shows more signs of digital life than actual Beeg"
894,"The group chat's greatest mystery: How to perform digital resurrection on living person"
895,"Beeg's online status more theoretical than string theory mathematics during fever dream"
896,"Breaking: Relationship success proves directly toxic to digital particle existence and server stability"
897,"Beeg's last seen status carved in primordial digital stone using ancient emoji language"
898,"Emergency alert: Server's Beeg content levels have reached critically dangerous depletion point"
899,"Beeg's notification sound has filed for permanent disability and started abstract art career"
900,"The ancient ritual of Beeg communication requires interdimensional translator and prayer circle"
901,"üé™ BEEG SUMMONING COSMIC CIRCUS MAXIMUS üé™"
902,"Beeg's girlfriend must have Discord-erasing abilities AND time-space manipulation superpowers"
903,"The server's most dedicated member transformed into most absent interdimensional legend"
904,"Breaking: Local friend discovers offline world has better graphics, storyline, and girlfriend DLC"
905,"Beeg's online presence like finding needle in haystack that exists in parallel universe"
906,"The ancient art of Beeg summoning requires offering of ultra-legendary rare Pepe collection"
907,"Beeg's last Discord activity preserved in Digital Museum of Lost Online Friendships"
908,"Emergency alert: Beeg detection systems report complete radio silence across all known dimensions and realities"
909,"Beeg's notification badges achieved sentience, started own civilization, and elected their own government"
910,"The group chat's most legendary member exists only in server creation myths and bedtime stories"
911,"Beeg's Discord activity level: Quantum uncertainty principle having complete existential breakdown"
912,"Fun drinking game: Wait for Beeg to break his legendary silence (you'll achieve enlightenment through eternal sobriety)"
913,"The server's biggest unsolved case: The Great Digital Vanishing of Beeg - A Phenomenon Beyond Science"
914,"Beeg's online status update frequency: Once per complete cosmic consciousness rebirth sequence"
915,"Breaking: Scientists discover Beeg particles exist only in theoretical state of pure relationship happiness"
916,"Beeg's Discord icon basically digital shrine to lost art of online friendship and meme sharing"
917,"The ancient prophecy speaks of Beeg's return when internet achieves universal consciousness and enlightenment"
918,"Beeg's last message being studied by digital anthropologists, meme historians, and relationship philosophers"
919,"Emergency meeting: How to establish diplomatic relations with Beeg's girlfriend's powerful anti-Discord force field"
920,"Beeg's online invisibility has transcended beyond all known laws of digital and quantum physics"
921,"The server's most elusive cryptid makes all mythical creatures seem like attention-seeking social media influencers"
922,"Beeg's notification sound has filed for unemployment benefits and started professional meditation retreat"
923,"Fun fact: Beeg's 'last seen' status older than some fundamental internet protocols and programming languages"
924,"The group chat's greatest disappearing act makes professional magic look like amateur children's birthday party tricks"
925,"Beeg's online activity sponsored by 'How to Ghost Friends: PhD Level Master Class Advanced Edition'"
926,"Breaking: Local man masters ultimate stealth camouflage through complete relationship optimization and girlfriend focus"
927,"Beeg's Discord status: 'It's complicated (with remembering that digital world and friends exist)'"
928,"The server's most successful digital hermit achieved enlightenment and nirvana through pure online absence"
929,"Beeg's last online timestamp registered as UNESCO Digital Heritage Site and protected archaeological landmark"
930,"Emergency broadcast: Server experiencing chronic Beeg deficiency syndrome causing reality distortion and existential crisis"
931,"Beeg's relationship success directly and inversely correlates with his digital matter density and particle existence"
932,"The ancient art of Beeg detection requires collaboration between NASA, CERN, MIT, and interdimensional wizards"
933,"Beeg's online presence like catching lightning in bottle during universal heat death while riding unicorn"
934,"Fun game: Beeg hide-and-seek galactic interdimensional championship (he's undefeated champion across all realities)"
935,"The server's coldest case file has achieved temperatures beyond absolute zero and entered new physics realm"
936,"Beeg's Discord activity frequency: Once per complete multiverse collapse, reconstruction, and consciousness rebirth cycle"
937,"Breaking: Relationship coaches and scientists cite Beeg as 'optimization paradox case study of dangerous perfection'"
938,"Beeg's notification count has created its own gravitational singularity and started expanding into parallel universe"
939,"The group chat's most wanted: Beeg (reward: restoration of universal balance and cosmic friendship harmony)"
940,"Beeg's online status more elusive than finding purpose and meaning in infinite expanding multiverse"
941,"Emergency protocol: Send interdimensional ambassadors with girlfriend-negotiation specialists to establish peace treaty"
942,"Beeg's last seen status predates Big Bang, universe formation, and subsequent development of reality itself"
943,"The ancient prophecy foretells Beeg's return when WiFi reaches cosmic enlightenment and transcends physical existence"
944,"Beeg's Discord icon achieved digital immortality and eternal status through complete user abandonment"
945,"Fun fact: Beeg's phone autocorrects 'Discord' to 'What's that ancient mythical relic from forgotten internet age?'"
946,"The server's most successful witness protection participant never requested protection but achieved perfect invisibility"
947,"Beeg's online invisibility cloak operating beyond known laws of physics, chemistry, and digital reality"
948,"Breaking: Local friend discovers love and offline world, immediately forgets that digital universe exists"
949,"Beeg's notification sound started new successful career in abstract conceptual interpretive silence art"
950,"The group chat's missing ingredient: one quantum particle of pure concentrated Beeg essence and friendship energy"
951,"üåü BEEG SUMMONING UNIVERSAL CONSCIOUSNESS AWAKENING üåü"
952,"Beeg's girlfriend must have reality-warping abilities, Discord-erasing superpowers, AND time-space manipulation technology"
953,"The server's most dedicated ghost transcended beyond ability to haunt and achieved pure digital nonexistence"
954,"Breaking: Scientists study Beeg's vanishing technique for advanced matter transportation and teleportation research"
955,"Beeg's last Discord message considered lost treasure and holy grail of digital civilization"
956,"Emergency alert: Beeg detection equipment reports finding only echoes of ancient memes and whispers of forgotten friendship"
957,"Beeg's online presence like finding unicorn riding Nessie through wormhole during solar eclipse in parallel dimension"
958,"The ancient ritual of Beeg summoning requires sacrifice of entire global internet infrastructure and WiFi network"
959,"Beeg's notification badges evolved into separate intelligent civilization, started own galaxy, and achieved interstellar travel"
960,"Fun drinking game: Take shot every time Beeg surprises everyone with appearance (you'll die completely sober and enlightened)"
961,"The server's biggest mystery: How Beeg achieved perfect digital nonexistence while maintaining theoretical friendship status"
962,"Beeg's Discord activity level: Schr√∂dinger's friend having dimensional identity crisis and existential breakdown simultaneously"
963,"Breaking: Local man masters art of existing everywhere in universe except where friends are digitally located"
964,"Beeg's online status update timeline: Before concept of time, space, and digital communication was invented"
965,"The group chat's most legendary vanishing act breaks fundamental laws of reality, physics, and friendship"
966,"Beeg's last seen timestamp requires time travel expedition, archaeological dig, and interdimensional passport to witness"
967,"Emergency meeting: How to reverse Beeg's accidental teleportation to contentment and happiness dimension"
968,"Beeg's online invisibility has achieved status beyond theoretical physics and entered realm of pure philosophy"
969,"The server's most elusive member makes unicorns, dragons, and mythical creatures look like common everyday housepets"
970,"Beeg's Discord icon basically digital monument to concept of abandoned friendship and lost meme sharing"
971,"Fun fact: Beeg's 'away' status has become permanent existential philosophy and life motto"
972,"The ancient art of Beeg communication requires PhD in theoretical digital archaeology and friendship quantum mechanics"
973,"Beeg's notification sound joined monastery for sounds that have completely lost purpose and meaning"
974,"Breaking: Relationship success proves mathematically inverse to digital particle existence and server population density"
975,"Beeg's online activity frequency: Once per complete universal rebirth, consciousness evolution, and cosmic enlightenment cycle"
976,"The server's most wanted criminal: Beeg (charges: first-degree digital abandonment with aggravated friendship ghosting)"
977,"Beeg's last message has been inducted into Internet Hall of Legendary Legends and Digital Mythology"
978,"Emergency broadcast: Will sacrifice entire meme collection, server ownership, and firstborn memes for one Beeg sighting"
979,"Beeg's relationship timeline perfectly synchronizes with server's digital apocalypse and friendship extinction event"
980,"The group chat's missing puzzle piece exists only in advanced theoretical mathematics and quantum friendship physics"
981,"Beeg's online presence like spotting Bigfoot riding unicorn through black hole while juggling rainbow lightning"
982,"Fun game: Find Beeg online anywhere in known universe (difficulty level: impossible squared times infinity)"
983,"The server's most successful digital detox participant never knew he was participating in detox program"
984,"Beeg's Discord status: 'Away' (destination: actual meaningful human connection and offline happiness dimension)"
985,"Breaking: Local friend discovers offline world has better resolution, graphics, storyline, and girlfriend expansion pack"
986,"Beeg's notification count has achieved singularity status and started expanding universe with pure loneliness energy"
987,"The ancient prophecy: 'When Discord reaches maximum digital chaos, Beeg will achieve maximum analog peace and enlightenment'"
988,"Beeg's last online activity predates invention of electronic communication, binary code, and concept of internet"
989,"Emergency protocol: Launch interdimensional space mission to girlfriend's orbital love field with diplomatic immunity"
990,"Beeg's online invisibility cloak has achieved perpetual motion, self-sustainability, and infinite energy source from love"
991,"The server's coldest case file requires its own specialized cryogenic storage facility and dedicated research team"
992,"Beeg's Discord activity graph resembles flat EKG of digitally deceased friend who achieved perfect offline happiness"
993,"Fun fact: Beeg's profile picture has more active social life and online presence than actual Beeg himself"
994,"The group chat's greatest mystery: How to perform digital necromancy on living person who's too happy offline"
995,"Beeg's online status more theoretical than quantum mechanics during fever dream in parallel universe"
996,"Breaking: Scientists discover new element: Absent-Beeg-onium (atomic number: infinity, half-life: eternal happiness)"
997,"Beeg's last seen status written in ancient code that predates written language and digital communication"
998,"Emergency alert: Server's Beeg content has reached dangerously critical depletion causing reality distortion and friendship crisis"
999,"Beeg's notification sound has filed for permanent disability, started meditation retreat, and achieved digital enlightenment"
1000,"The ancient ritual of Beeg detection now requires Large Hadron Collider, interdimensional portal, and miracle of friendship magic"