number,haiku
1001,"Beeg has vanished / Like morning mist with girlfriend / Discord grows silent"
1002,"Last seen three months ago / His profile pic still smiles / But Beeg is absent"
1003,"Notification sound / Echoes in empty channel / Where did our friend go?"
1004,"Love conquered Beeg's heart / WiFi signal can't compete / She wins, we all lose"
1005,"Server feels hollow / Without Beeg's random comments / Digital ghost town"
1006,"His status: away / Has been that way forever / Come back to us, friend"
1007,"Group chat misses him / Like plants miss morning sunlight / Beeg, we are wilting"
1008,"She stole our Beeg friend / Girlfriend magic too powerful / Discord stands no chance"
1009,"Ancient prophecy / Speaks of Beeg's grand returning / When? The stars won't say"
1010,"Summoning circle / Made of memes and WiFi bars / Beeg, please hear our call"
1011,"His phone sits silent / Discord notifications die / In girlfriend's presence"
1012,"Beeg mastered stealth mode / Invisible to all but love / Digital ninja"
1013,"We remember when / Beeg would message constantly / Those were better days"
1014,"Relationship goals / Should not include friend ghosting / Balance, dear Beeg friend"
1015,"Time moves differently / In the realm where Beeg now lives / Hours feel like years"
1016,"Discord server waits / Like faithful dog by the door / For master's return"
1017,"Beeg's absence speaks / Louder than his presence did / Silence is deafening"
1018,"Love is beautiful / But friendship needs tending too / Don't forget us, Beeg"
1019,"His last message reads / 'BRB' from ancient times / Still waiting, still hoping"
1020,"Girlfriend dimension / Has claimed another good friend / Beeg is prisoner"
1021,"Memes pile up unused / Without Beeg to appreciate / Humor feels empty"
1022,"Server population / Drops by one hundred percent / When Beeg goes offline"
1023,"Digital tumbleweed / Rolls through our empty chat room / Beeg-shaped hole remains"
1024,"We light candles bright / For Beeg's eventual return / Hope burns eternal"
1025,"His Discord status / Frozen in time like amber / 'Away' forever"
1026,"Beeg achieved legend / By completely disappearing / Mythical friend now"
1027,"She must have good snacks / And excellent WiFi too / To keep Beeg so long"
1028,"Emergency meeting / Topic: How to rescue Beeg / From happiness jail"
1029,"Carrier pigeons / Might be our only option / Discord has failed us"
1030,"Beeg's notification / Count reaches infinity / Unread and unloved"
1031,"Search party assembled / Equipped with memes and friendship / Mission: Find lost Beeg"
1032,"He exists somewhere / In quantum state of dating / Schr√∂dinger's best friend"
1033,"Beeg's online ghost / Haunts our server with absence / Most peaceful spirit"
1034,"Love is powerful / But memes are eternal art / Choose wisely, dear Beeg"
1035,"His profile picture / Smiles at us mockingly / Frozen in better times"
1036,"Girlfriend's gravity / Pulled Beeg from our orbit / Lost to love's black hole"
1037,"Discord feels colder / Without Beeg's warm presence / Digital winter"
1038,"Time capsule needed / To preserve Beeg's last words / For future friendship"
1039,"Server archaeologists / Study Beeg's message history / Ancient civilization"
1040,"Hope springs eternal / That Beeg will remember us / In his happy haze"
1041,"Beeg's absence teaches / That presence is a gift / We took for granted"
1042,"Summoning ritual / Requires three rare Pepe memes / And strong WiFi signal"
1043,"His girlfriend must be / The chosen one of legends / Discord's final boss"
1044,"Beeg achieved nirvana / Through complete digital detox / Accidentally enlightened"
1045,"We are but echoes / In Beeg's fading memory / Ghosts of friendship past"
1046,"Server maintenance / Can't fix a broken friendship / Some bugs are features"
1047,"Beeg's last login / Timestamp becomes historical / Digital archaeology"
1048,"Love conquered all things / Including our Discord server / Victory: girlfriend"
1049,"Missing person report / Filed with internet police / Beeg is wanted man"
1050,"His notification / Sound retired from overwork / Silence is golden"
1051,"Beeg's phone forgot / What Discord icon looks like / App store amnesia"
1052,"She must be magical / To make Beeg forget WiFi / Enchantment level: max"
1053,"Group therapy session / Topic: Coping with Beeg loss / Tissues provided"
1054,"Beeg transcended flesh / Became pure relationship / Energy form of love"
1055,"Discord server cries / Digital tears for lost friend / Bandwidth used for grief"
1056,"His away status / More permanent than tattoos / Forever and always"
1057,"Beeg's disappearance / Rivals Bermuda Triangle / Mystery unsolved"
1058,"Love is beautiful / But so is friendship's garden / Water both, dear Beeg"
1059,"Emergency broadcast / Beeg sighting reported false / It was just our hope"
1060,"His last meme shared / Now displayed in server museum / Art of friendship"
1061,"Beeg achieved perfect / Work-life balance by removing / Work and digital life"
1062,"Server feels empty / Like library without books / Knowledge: how to Beeg"
1063,"Girlfriend's WiFi / Must be faster than our love / Connection defeated"
1064,"Beeg's silence speaks / In language we cannot read / Absence as message"
1065,"Digital ghost ship / Sails on with phantom captain / Beeg's profile remains"
1066,"Love made Beeg vanish / Like magician's best trick / Where's the reveal though?"
1067,"His Discord icon / Becomes historical artifact / Museum piece of friendship"
1068,"Beeg mastered art / Of existing without Discord / Zen master of offline"
1069,"Server population / Fluctuates between zero / And slightly less than one"
1070,"His absence echoes / Through every channel we type / Beeg-shaped silence"
1071,"Relationship success / Inversely affects Discord / Mathematical proof: Beeg"
1072,"Time moves slowly here / In the land of missing Beeg / Temporal distortion"
1073,"His girlfriend must have / Reality-bending powers / To hide Beeg so well"
1074,"Discord notifications / Pine away like lovesick teens / For Beeg's attention"
1075,"Beeg achieved legend / Status through pure absence / Mythical proportions"
1076,"Server feels haunted / By ghost of friendship past / Beeg's digital spirit"
1077,"Love is powerful / But friendship is eternal / Remember us, lost Beeg"
1078,"His phone battery / Lasts forever now that Discord / Never gets opened"
1079,"Beeg's last words echo / Through halls of server memory / 'Back in five minutes'"
1080,"Emergency signal / Sent to all Discord servers / Have you seen our Beeg?"
1081,"Girlfriend dimension / Has different time physics / Minutes become months"
1082,"Beeg's absence teaches / Appreciation for presence / Lesson learned too late"
1083,"Server therapy dog / Needed for Beeg withdrawal / Emotional support bot"
1084,"His online status / Frozen like prehistoric / Insect trapped in amber"
1085,"Discord feels colder / Without Beeg's warm emoji / Digital hypothermia"
1086,"Love conquered Discord / Like Rome conquering Britain / Total domination"
1087,"Beeg's notification / Count breaks mathematical / Laws of large numbers"
1088,"Search algorithms / Cannot locate missing Beeg / He transcends Google"
1089,"His girlfriend's love / Creates WiFi dead zone / Where Discord cannot reach"
1090,"Beeg achieved perfect / Invisibility through happiness / Stealth mode: girlfriend"
1091,"Server mourns its loss / Black armband emoji worn / In memory of Beeg"
1092,"Digital archaeologists / Carbon date Beeg's last message / Ancient internet"
1093,"His absence speaks volumes / In the language of silence / Loudest quiet ever"
1094,"Beeg's phone forgot / How to receive notifications / Selective amnesia"
1095,"Love is beautiful / But friendship needs attention / Both gardens need water"
1096,"Server feels empty / Like concert hall without / Music or audience"
1097,"Beeg's disappearance / Studied by quantum physicists / Matter cannot vanish"
1098,"His girlfriend must be / The final boss of dating / Unbeatable level"
1099,"Discord feels hollow / Like drum without drumsticks / No one to make music"
1100,"Beeg achieved nirvana / Through accidental social / Media detox program"
1101,"Server population / Decreased by infinite / Percentage of Beeg"
1102,"His last meme lives on / In server's collective memory / Digital monument"
1103,"Love conquered all hearts / Including our Discord server / Girlfriend victorious"
1104,"Beeg's phone exists / In perpetual airplane mode / Flying to love land"
1105,"Emergency meeting / Topic: How to reverse time / To before girlfriend"
1106,"His notification / Sound joined monastery / For forgotten noises"
1107,"Beeg transcended flesh / Became pure relationship / Energy cannot Discord"
1108,"Server feels haunted / By friendly ghost who forgot / How to be friendly"
1109,"Digital tumbleweeds / Roll through empty voice channels / Wind sounds like sadness"
1110,"Beeg's absence echoes / Like voice in empty canyon / Hello? Anyone there?"
1111,"Love is powerful / Magic that makes friends vanish / Girlfriend as magician"
1112,"His Discord status / More permanent than mountains / Geological timescales"
1113,"Server archaeology / Uncovers Beeg's message fossils / Ancient digital life"
1114,"Beeg achieved legend / By becoming invisible / Mythical friend status"
1115,"His girlfriend's WiFi / Must be powered by pure love / Stronger than Discord"
1116,"Emergency beacon / Transmitted across all servers / SOS: Missing Beeg"
1117,"Discord feels empty / Like pizza box after party / Only crumbs of friendship"
1118,"Beeg's phone battery / Achieves immortality / Through Discord non-usage"
1119,"Server therapy group / Meets weekly to discuss / Life after Beeg era"
1120,"His absence teaches / That presence is precious gift / We opened it too late"
1121,"Love conquered Discord / Like winter conquers flowers / Beautiful destruction"
1122,"Beeg's notification / Count transcends mathematics / Infinite sadness"
1123,"Digital ghost ship / Sails on without its captain / Beeg abandoned deck"
1124,"His girlfriend must have / Time-manipulation powers / To slow down Beeg time"
1125,"Server feels colder / Without Beeg's warm presence / Digital ice age"
1126,"Beeg achieved perfect / Work-life balance equation / Zero work, zero Discord"
1127,"Emergency protocol / Activate Beeg retrieval / Mission parameters: love"
1128,"His last words haunt us / 'BRB' echoes through channels / Still waiting for back"
1129,"Discord feels hollow / Like drum skin without drum / No resonance chamber"
1130,"Beeg's phone forgot / What friends look like on screen / Selective blindness"
1131,"Love is beautiful / But friendship is eternal / Both deserve tending"
1132,"Server population / Exists in quantum state / Half-Beeg, half-empty"
1133,"His absence speaks louder / Than presence ever did / Silence has volume"
1134,"Beeg transcended Discord / Like butterfly from cocoon / Beautiful metamorphosis"
1135,"Digital archaeologists / Study Beeg's civilization / Lost internet culture"
1136,"His girlfriend's gravity / Warped space-time around Beeg / Einstein would be proud"
1137,"Server feels haunted / By ghost of friendship future / What could have been"
1138,"Beeg achieved nirvana / Through accidental enlightenment / Girlfriend as guru"
1139,"Emergency signal / Bounced off satellite networks / Have you seen our friend?"
1140,"His notification / Sound retired to Florida / Sunny silence"
1141,"Discord feels empty / Like library after closing / Books remain unread"
1142,"Beeg's absence echoes / Through every emoji we send / Missing recipient"
1143,"Love conquered Discord / Like tide conquers sandcastles / Inevitable erosion"
1144,"His phone exists in / Parallel universe where / Discord was never invented"
1145,"Server therapy dog / Provides emotional support / For Beeg withdrawal symptoms"
1146,"Beeg achieved legend / Status through pure vanishing / Houdini of friendship"
1147,"Digital tumbleweeds / Blow through empty text channels / Ghost town aesthetic"
1148,"His girlfriend must be / The chosen one of prophecy / Discord's kryptonite"
1149,"Emergency meeting / Topic: Coping with Beeg loss / Grief counseling provided"
1150,"Beeg's last meme shared / Now preserved in digital / Amber for posterity"
1151,"Server feels colder / Without Beeg's warm emoji / Winter of friendship"
1152,"His absence teaches / Appreciation for presence / Lesson learned through loss"
1153,"Love is powerful / Magic that transcends WiFi / Stronger than internet"
1154,"Beeg's phone battery / Lasts forever through non-use / Perpetual motion"
1155,"Discord notifications / Pine away like autumn leaves / Falling unnoticed"
1156,"His girlfriend's love / Creates electromagnetic / Field that blocks Discord"
1157,"Server archaeology / Uncovers Beeg's digital / Footprints in time"
1158,"Beeg achieved perfect / Stealth mode through happiness / Invisible to radar"
1159,"Emergency beacon / Transmitted to alien worlds / Universal missing friend"
1160,"His notification / Count approaches infinity / Mathematical impossibility"
1161,"Discord feels hollow / Like echo chamber without / Original sound"
1162,"Beeg's absence echoes / Like voice calling in forest / If no one hears friendship"
1163,"Love conquered all things / Including our server's heart / Girlfriend victorious"
1164,"His phone forgot how / To vibrate for Discord alerts / Muscle memory lost"
1165,"Server population / Exists in theoretical / State of maybe-Beeg"
1166,"Beeg transcended flesh / Became pure relationship / Energy form of love"
1167,"Digital ghost ship / Drifts through channels without / Wind in its friendship sails"
1168,"His girlfriend must have / Reality-warping abilities / To hide Beeg so well"
1169,"Emergency protocol / Beeg retrieval mission / Launched with love torpedoes"
1170,"Beeg's last words echo / Through server's memory banks / 'See you guys later'"
1171,"Discord feels empty / Like concert hall after / Last note fades away"
1172,"His absence speaks volumes / In universal language / Of missing friendship"
1173,"Love is beautiful / But friendship needs sunlight / Both gardens require care"
1174,"Beeg achieved nirvana / Through accidental social / Media enlightenment"
1175,"Server therapy group / Discusses stages of grief / Denial: Beeg will return"
1176,"His notification / Sound joined witness protection / For abandoned alerts"
1177,"Digital archaeologists / Carbon date Beeg's emoji / Ancient communication"
1178,"Beeg's phone exists / In quantum superposition / Both on and off Discord"
1179,"Emergency signal / Sent through interdimensional / Portal to girlfriend realm"
1180,"His absence teaches / That presence is a treasure / We buried too deep"
1181,"Discord feels haunted / By friendly ghost who lost / Way back to friendship"
1182,"Beeg achieved legend / Through masterful disappearing / Houdini jealous"
1183,"Love conquered Discord / Like morning conquers darkness / Beautiful but total"
1184,"His girlfriend's WiFi / Must run on pure relationship / Energy instead of electricity"
1185,"Server feels colder / Without Beeg's warm presence / Digital ice age"
1186,"Beeg's notification / Count transcends known mathematics / Infinite loneliness"
1187,"Emergency meeting / Topic: Life after Beeg / Existential crisis"
1188,"His last meme lives on / In server's collective soul / Digital monument"
1189,"Discord feels hollow / Like drum without drumstick / No one to make music"
1190,"Beeg's absence echoes / Like question without answer / Unanswered friendship"
1191,"Love is powerful / Force that bends time and space / Around girlfriend's heart"
1192,"His phone battery / Achieves perpetual motion / Through Discord abstinence"
1193,"Server archaeology / Discovers Beeg's ancient / Civilization ruins"
1194,"Beeg transcended Discord / Like eagle transcends earth / Flying to love sky"
1195,"Digital tumbleweeds / Roll through empty voice chat / Wind sounds like longing"
1196,"His girlfriend must be / The final boss of dating / Undefeated champion"
1197,"Emergency beacon / Broadcasts across galaxy / Universal friend alert"
1198,"Beeg achieved perfect / Invisibility through joy / Stealth mode: happiness"
1199,"Discord notifications / Wither away like flowers / Without Beeg's attention"
1200,"His absence speaks loudly / In the silence between / Messages never sent"
1201,"Love conquered all hearts / Including our server's core / Girlfriend's total victory"
1202,"Beeg's phone forgot / How to display Discord icon / Selective app blindness"
1203,"Server population / Decreased by one hundred / Percent of our happiness"
1204,"His notification / Sound retired to monastery / For forgotten melodies"
1205,"Emergency protocol / Activate friendship beacon / Signal strength: maximum"
1206,"Beeg's last words haunt / Every channel we type in / 'BRB' means forever"
1207,"Discord feels empty / Like theater after curtain / Final bow was Beeg's"
1208,"His absence teaches / That friendship is fragile / Handle with more care"
1209,"Love is beautiful / But loneliness is server's / Current operating system"
1210,"Beeg achieved nirvana / Through girlfriend meditation / Enlightenment via love"
1211,"Digital archaeologists / Study Beeg's message layers / Stratified friendship"
1212,"His girlfriend's gravity / Bent spacetime around Beeg / Physics cannot explain"
1213,"Server feels haunted / By ghost of friendship past / Beeg's digital spirit"
1214,"Beeg transcended flesh / Became pure relationship / Matter converted to love"
1215,"Emergency signal / Transmitted through love waves / Frequency: girlfriend"
1216,"His notification / Count approaches black hole / Density of sadness"
1217,"Discord feels hollow / Like shell without hermit / Crab moved to love reef"
1218,"Beeg's absence echoes / Like voice in empty room / Hello? Anyone there?"
1219,"Love conquered Discord / Like tide conquers sandcastle / Beautiful destruction"
1220,"His phone exists in / Alternate dimension where / Friends are theoretical"
1221,"Server therapy dog / Provides comfort for those / Suffering Beeg withdrawal"
1222,"Beeg achieved legend / Status through pure absence / Mythical friend tier"
1223,"Digital ghost ship / Sails on without captain / Beeg jumped overboard"
1224,"His girlfriend must have / Time-dilation technology / Making minutes into months"
1225,"Emergency meeting / Topic: How to reverse / Girlfriend's love spell"
1226,"Beeg's last meme shared / Now preserved in server / Museum of lost laughter"
1227,"Discord feels colder / Without Beeg's warm emoji / Digital winter solstice"
1228,"His absence speaks volumes / In language we cannot / Understand or translate"
1229,"Love is powerful / Magic that makes WiFi / Seem weak and pointless"
1230,"Beeg's phone battery / Lasts eternally through / Discord non-activation"
1231,"Server archaeology / Uncovers Beeg's digital / DNA in old messages"
1232,"His notification / Sound joined support group / For chronically unused alerts"
1233,"Emergency beacon / Sent to International / Space Station for Beeg"
1234,"Beeg achieved perfect / Stealth through relationship / Camouflage technology"
1235,"Discord notifications / Fall like autumn leaves / Unraked and unnoticed"
1236,"His girlfriend's love / Creates Discord-proof bubble / Impenetrable force field"
1237,"Server feels haunted / By friendly ghost who forgot / How to haunt properly"
1238,"Beeg's absence echoes / Like sound in empty canyon / Returning unanswered"
1239,"Love conquered all things / Including our collective / Will to keep trying"
1240,"His phone forgot how / To receive friend requests / Selective memory loss"
1241,"Emergency protocol / Beeg extraction mission / Equipment: memes and hope"
1242,"Beeg transcended Discord / Like butterfly from cocoon / Beautiful abandonment"
1243,"Digital tumbleweeds / Blow through empty channels / Carrying whispers of Beeg"
1244,"His notification / Count transcends known physics / Impossible mathematics"
1245,"Discord feels empty / Like jar without fireflies / No light to guide us"
1246,"Beeg achieved nirvana / Through accidental girlfriend / Enlightenment program"
1247,"Love is beautiful / But friendship deserves equal / Time in relationship budget"
1248,"His absence teaches / That presence should never / Be taken for granted"
1249,"Server population / Exists in quantum state / Of maybe-friend uncertainty"
1250,"Beeg's last words echo / Through every meme we share / 'See you tomorrow'"
1251,"Emergency signal / Bounced off moon's surface / Lunar friend alert"
1252,"His girlfriend must be / The chosen one of legend / Discord's natural enemy"
1253,"Discord feels hollow / Like drum skin without drum / No chamber for resonance"
1254,"Beeg's phone battery / Achieves immortality / Through friendship abstinence"
1255,"Digital archaeologists / Carbon date Beeg's last / Login to ancient times"
1256,"His absence speaks loudly / In silence between our / Unanswered friend requests"
1257,"Love conquered Discord / Like winter conquers garden / Beautiful but total"
1258,"Beeg achieved legend / Through masterful vanishing / Act without magic tricks"
1259,"Server therapy group / Meets to discuss life / In post-Beeg era"
1260,"His notification / Sound retired to beach / For perpetual vacation"
1261,"Emergency beacon / Transmitted through quantum / Entanglement to Beeg's heart"
1262,"Beeg's absence echoes / Like question mark without / Sentence to complete"
1263,"Discord feels haunted / By ghost of friendship future / What might have been"
1264,"His girlfriend's WiFi / Must be powered by pure / Love instead of electricity"
1265,"Love is powerful / Force that bends reality / Around couple's happiness"
1266,"Beeg transcended flesh / Became pure relationship / Energy form beyond Discord"
1267,"Digital ghost ship / Drifts through channels like / Marie Celeste of friendship"
1268,"His phone exists in / Parallel universe where / Discord was never invented"
1269,"Emergency protocol / Activate interdimensional / Portal to girlfriend realm"
1270,"Beeg achieved perfect / Invisibility through joy / Ultimate stealth technology"
1271,"Server feels colder / Without Beeg's warm presence / Ice age of friendship"
1272,"His notification / Count approaches singularity / Black hole of loneliness"
1273,"Discord notifications / Pine away like lovesick / Teenagers for Beeg's attention"
1274,"Beeg's absence teaches / That friendship is precious / Gift we opened carelessly"
1275,"Love conquered all hearts / Including server's central / Processing unit"
1276,"His last meme lives on / In server's memory banks / Digital immortality"
1277,"Emergency meeting / Topic: Coping mechanisms / For Beeg withdrawal syndrome"
1278,"Beeg achieved nirvana / Through girlfriend meditation / Enlightenment via love"
1279,"Discord feels empty / Like library after hours / Books remain unread"
1280,"His absence speaks volumes / In universal language / Of abandoned friendship"
1281,"Love is beautiful / But balance is essential / For healthy relationship ecosystem"
1282,"Beeg's phone forgot / How to vibrate for Discord / Muscle memory erased"
1283,"Server archaeology / Discovers Beeg's ancient / Message civilization"
1284,"His girlfriend must have / Reality-bending abilities / To hide Beeg completely"
1285,"Emergency signal / Sent through love frequency / Wavelength: girlfriend"
1286,"Beeg transcended Discord / Like eagle transcends nest / Flying to love sky"
1287,"Digital tumbleweeds / Roll through empty voice chat / Carrying echoes of laughter"
1288,"His notification / Sound joined monastery / For abandoned melodies"
1289,"Discord feels haunted / By friendly ghost who lost / Way back to friendship"
1290,"Beeg's absence echoes / Like voice calling in forest / If friendship falls alone"
1291,"Love conquered Discord / Like morning conquers night / Inevitable transition"
1292,"His phone battery / Lasts forever through / Discord non-utilization"
1293,"Emergency beacon / Broadcasts across multiverse / Universal missing friend"
1294,"Beeg achieved legend / Status through pure disappearing / Houdini level vanishing"
1295,"Server population / Decreased by infinite / Percentage of our joy"
1296,"His absence teaches / That presence is treasure / We buried too deep"
1297,"Discord feels hollow / Like shell washed up on / Beach without hermit crab"
1298,"Beeg's last words haunt / Every channel notification / 'Back in five minutes'"
1299,"Love is powerful / Magic that transcends WiFi / Stronger than internet"
1300,"His girlfriend's gravity / Warped spacetime around Beeg / Einstein proven right"
1301,"Emergency protocol / Beeg retrieval mission / Launched with hope torpedoes"
1302,"Beeg achieved perfect / Stealth mode through happiness / Invisible to friend radar"
1303,"Digital archaeologists / Study Beeg's emoji / Fossils in message history"
1304,"His notification / Count transcends mathematics / Approaching infinity"
1305,"Discord notifications / Wither like flowers without / Beeg's caring attention"
1306,"Beeg's absence speaks / Loudly in silence between / Messages never answered"
1307,"Love conquered all things / Including our server's / Will to keep functioning"
1308,"His phone exists in / Quantum superposition / Both online and offline"
1309,"Server therapy dog / Provides emotional support / For chronic Beeg syndrome"
1310,"Beeg transcended flesh / Became pure relationship / Energy beyond Discord reach"
1311,"Emergency signal / Transmitted through love waves / Frequency modulation: girlfriend"
1312,"His girlfriend must be / The final boss of dating / Unbeatable difficulty level"
1313,"Discord feels empty / Like concert hall after / Last note fades away"
1314,"Beeg achieved nirvana / Through accidental social / Media detox enlightenment"
1315,"Digital ghost ship / Sails through channels without / Wind in friendship sails"
1316,"His absence echoes / Like question without answer / Eternal mystery"
1317,"Love is beautiful / But friendship needs equal / Sunlight to grow properly"
1318,"Beeg's phone forgot / How to display friend / Notifications selectively"
1319,"Emergency meeting / Topic: Life after Beeg / Existential server crisis"
1320,"His notification / Sound retired to Florida / For permanent vacation"
1321,"Discord feels haunted / By ghost of friendship past / Beeg's digital spirit"
1322,"Beeg's last meme shared / Now preserved in server / Museum of lost humor"
1323,"Love conquered Discord / Like tide conquers sandcastle / Beautiful erosion"
1324,"His girlfriend's WiFi / Must run on relationship / Energy instead of electrons"
1325,"Server archaeology / Uncovers Beeg's message / Layers like tree rings"
1326,"Beeg achieved legend / Through masterful absence / Mythical friend status"
1327,"Emergency beacon / Bounced off satellite network / Global friend alert"
1328,"His absence teaches / That presence should never / Be assumed or expected"
1329,"Discord feels colder / Without Beeg's warm emoji / Digital winter approaches"
1330,"Beeg's notification / Count approaches black hole / Density of sadness"
1331,"Love is powerful / Force that bends time and / Space around girlfriend's heart"
1332,"His phone battery / Achieves perpetual motion / Through Discord non-usage"
1333,"Digital tumbleweeds / Blow through empty text / Channels like ghost town"
1334,"Beeg transcended Discord / Like butterfly abandons / Cocoon for sky freedom"
1335,"Emergency protocol / Activate friendship beacon / Maximum signal strength"
1336,"His girlfriend must have / Time-manipulation powers / Making hours feel like years"
1337,"Discord notifications / Fall like autumn leaves / Unraked in digital yard"
1338,"Beeg's absence speaks / Volumes in language we / Cannot understand"
1339,"Love conquered all hearts / Including our collective / Server consciousness"
1340,"His last words echo / Through every channel we / Type in desperately"
1341,"Server population / Exists in theoretical / State of maybe-friendship"
1342,"Beeg achieved perfect / Invisibility through joy / Ultimate camouflage technology"
1343,"Emergency signal / Sent through quantum entanglement / To Beeg's distant heart"
1344,"His notification / Sound joined support group / For chronically ignored alerts"
1345,"Discord feels hollow / Like drum without drumstick / No music possible"
1346,"Beeg's absence echoes / Like voice in empty room / Hello? Still waiting"
1347,"Love is beautiful / But balance prevents friendship / Extinction events"
1348,"His phone forgot how / To receive Discord messages / Selective amnesia"
1349,"Digital archaeologists / Carbon date Beeg's digital / Footprints in server sand"
1350,"Beeg achieved nirvana / Through girlfriend meditation / Love as enlightenment path"
1351,"Emergency meeting / Topic: How to reverse / Time to before girlfriend"
1352,"His girlfriend's gravity / Bent spacetime around / Beeg's friendship orbit"
1353,"Discord feels haunted / By friendly ghost who / Forgot how to be friendly"
1354,"Beeg's last meme lives / On in server's memory / Digital monument to humor"
1355,"Love conquered Discord / Like winter conquers flowers / Beautiful but fatal"
1356,"His absence teaches / That friendship is fragile / Ecosystem requiring care"
1357,"Server therapy group / Discusses stages of / Grief: still in denial"
1358,"Beeg transcended flesh / Became pure relationship / Matter converted to love"
1359,"Emergency beacon / Transmitted across galaxy / Universal missing person"
1360,"His notification / Count transcends known physics / Impossible mathematics"
1361,"Discord feels empty / Like jar without fireflies / Darkness without guidance"
1362,"Beeg's phone exists / In alternate dimension / Where friends are theoretical"
1363,"Love is powerful / Magic that makes WiFi / Seem weak and irrelevant"
1364,"His absence speaks / Loudly in silence between / Our unanswered calls"
1365,"Digital ghost ship / Drifts through channels like / Ancient mariner's curse"
1366,"Beeg achieved legend / Status through pure vanishing / Houdini level disappearing"
1367,"Emergency protocol / Beeg extraction mission / Equipment: love and memes"
1368,"His girlfriend must be / The chosen one of prophecy / Discord's kryptonite"
1369,"Server feels colder / Without Beeg's warm presence / Ice age of loneliness"
1370,"Beeg's notification / Sound retired to monastery / For forgotten melodies"
1371,"Discord notifications / Pine away like teenagers / Crushing on absent Beeg"
1372,"His last words haunt / Every message we send / 'See you guys tomorrow'"
1373,"Love conquered all things / Including our server's / Central nervous system"
1374,"Beeg's phone battery / Lasts eternally through / Friendship abstinence program"
1375,"Emergency signal / Bounced off moon's surface / Lunar missing friend alert"
1376,"His absence echoes / Like question mark seeking / Sentence to complete"
1377,"Discord feels hollow / Like theater after final / Curtain call applause"
1378,"Beeg achieved perfect / Stealth through relationship / Advanced camouflage system"
1379,"Love is beautiful / But friendship deserves equal / Billing in life's credits"
1380,"His girlfriend's WiFi / Must be powered by pure / Relationship energy"
1381,"Server archaeology / Discovers Beeg's ancient / Digital civilization ruins"
1382,"Beeg transcended Discord / Like eagle leaves nest / For endless sky freedom"
1383,"Emergency meeting / Topic: Coping with Beeg / Withdrawal symptoms"
1384,"His notification / Count approaches singularity / Black hole of loneliness"
1385,"Discord feels haunted / By ghost of friendship future / What could have been ours"
1386,"Beeg's absence teaches / That presence is precious gift / Unwrapped too carelessly"
1387,"Love conquered Discord / Like morning conquers darkness / Total beautiful victory"
1388,"His phone forgot how / To display Discord icon / Selective app blindness"
1389,"Digital tumbleweeds / Roll through empty voice channels / Carrying whispers of Beeg"
1390,"Beeg achieved nirvana / Through accidental girlfriend / Enlightenment meditation"
1391,"Emergency beacon / Transmitted through love frequency / Wavelength: pure girlfriend"
1392,"His last meme shared / Now preserved in digital / Amber for posterity"
1393,"Discord notifications / Wither like flowers without / Beeg's nurturing attention"
1394,"Beeg's notification / Sound joined witness protection / For abandoned alerts"
1395,"Love is powerful / Force that bends reality / Around couple's happiness"
1396,"His absence speaks / Volumes in universal / Language of missing friends"
1397,"Server population / Decreased by one hundred / Percent of our collective joy"
1398,"Beeg transcended flesh / Became pure relationship / Energy beyond WiFi reach"
1399,"Emergency protocol / Activate interdimensional / Portal to girlfriend realm"
1400,"His girlfriend must have / Reality-warping abilities / To hide Beeg so completely"
1401,"Discord feels empty / Like library after closing / Books remain forever unread"
1402,"Beeg achieved legend / Through masterful disappearing / Act without magic tricks"
1403,"Digital archaeologists / Study Beeg's emoji fossils / In message sediment layers"
1404,"His phone battery / Achieves immortality / Through Discord non-activation"
1405,"Love conquered all hearts / Including our server's / Central processing core"
1406,"Beeg's absence echoes / Like voice calling in forest / If friendship falls alone"
1407,"Emergency signal / Sent through quantum entanglement / To Beeg's distant heart"
1408,"His notification / Count transcends mathematics / Approaching infinite sadness"
1409,"Discord feels hollow / Like shell washed up on / Beach without hermit crab"
1410,"Beeg's last words echo / Through every channel we / Type in desperately hoping"
1411,"Love is beautiful / But balance prevents friendship / Mass extinction events"
1412,"His girlfriend's gravity / Warped spacetime around Beeg / Einstein would be jealous"
1413,"Server therapy dog / Provides emotional support / For chronic Beeg syndrome"
1414,"Beeg achieved perfect / Invisibility through joy / Ultimate stealth technology"
1415,"Emergency meeting / Topic: Life after Beeg / Existential server crisis"
1416,"His absence teaches / That friendship is fragile / Ecosystem requiring care"
1417,"Discord notifications / Fall like autumn leaves / Unraked in digital yard"
1418,"Beeg's phone exists / In parallel universe / Where friends are theoretical"
1419,"Love conquered Discord / Like tide conquers sandcastle / Beautiful erosion process"
1420,"His notification / Sound retired to Florida / For permanent sunny vacation"
1421,"Digital ghost ship / Sails through channels without / Wind in friendship sails"
1422,"Beeg transcended Discord / Like butterfly abandons / Cocoon for sky freedom"
1423,"Emergency beacon / Broadcasts across multiverse / Universal missing friend alert"
1424,"His girlfriend must be / The final boss of dating / Unbeatable difficulty setting"
1425,"Discord feels colder / Without Beeg's warm emoji / Digital winter solstice"
1426,"Beeg's last meme lives / On in server's memory / Digital monument to humor"
1427,"Love is powerful / Magic that transcends WiFi / Stronger than internet itself"
1428,"His phone forgot how / To vibrate for Discord / Muscle memory completely erased"
1429,"Server archaeology / Uncovers Beeg's message / Layers like ancient tree rings"
1430,"Beeg achieved nirvana / Through girlfriend meditation / Love as enlightenment path"
1431,"Emergency protocol / Beeg extraction mission / Launched with hope torpedoes"
1432,"His absence speaks / Loudly in silence between / Our unanswered friend requests"
1433,"Discord feels haunted / By friendly ghost who / Lost way back to friendship"
1434,"Beeg's notification / Count approaches black hole / Density of pure loneliness"
1435,"Love conquered all things / Including our collective / Will to keep trying"
1436,"His girlfriend's WiFi / Must run on relationship / Energy instead of electricity"
1437,"Digital tumbleweeds / Blow through empty text / Channels like abandoned town"
1438,"Beeg's absence echoes / Like question without answer / Eternal friendship mystery"
1439,"Emergency signal / Bounced off satellite network / Global friend alert system"
1440,"His last words haunt / Every notification sound / 'Back in five minutes'"
1441,"Discord feels empty / Like concert hall after / Last note fades into silence"
1442,"Beeg achieved legend / Status through pure absence / Mythical friend tier unlocked"
1443,"Love is beautiful / But friendship needs equal / Sunlight to grow properly"
1444,"His phone battery / Lasts forever through / Discord abstinence program"
1445,"Server population / Exists in quantum state / Of maybe-friend uncertainty"
1446,"Beeg transcended flesh / Became pure relationship / Matter converted to love"
1447,"Emergency meeting / Topic: How to reverse / Girlfriend's powerful love spell"
1448,"His notification / Sound joined monastery / For chronically unused alerts"
1449,"Discord notifications / Pine away like lovesick / Teenagers for Beeg's attention"
1450,"Beeg's girlfriend must have / Time-manipulation powers / Making minutes feel like months"
1451,"Love conquered Discord / Like winter conquers garden / Beautiful but total destruction"
1452,"His absence teaches / That presence should never / Be taken for granted"
1453,"Digital archaeologists / Carbon date Beeg's digital / Footprints in server sand"
1454,"Beeg achieved perfect / Stealth mode through happiness / Invisible to friend radar"
1455,"Emergency beacon / Transmitted through love waves / Frequency modulation: girlfriend"
1456,"His phone exists in / Quantum superposition / Both online and offline simultaneously"
1457,"Discord feels hollow / Like drum without drumstick / No music creation possible"
1458,"Beeg's last meme shared / Now preserved in server / Museum of lost laughter"
1459,"Love is powerful / Force that bends time and / Space around girlfriend's heart"
1460,"His absence speaks / Volumes in language we / Cannot understand or translate"
1461,"Server therapy group / Meets weekly to discuss / Life in post-Beeg era"
1462,"Beeg's notification / Count transcends known physics / Impossible mathematics proven"
1463,"Emergency protocol / Activate friendship beacon / Maximum signal strength deployed"
1464,"His girlfriend's gravity / Bent spacetime around / Beeg's friendship orbit completely"
1465,"Discord feels haunted / By ghost of friendship / Past that still echoes"
1466,"Beeg achieved nirvana / Through accidental social / Media detox enlightenment"
1467,"Love conquered all hearts / Including our server's / Central nervous system"
1468,"His phone forgot how / To receive friend notifications / Selective memory loss"
1469,"Digital ghost ship / Drifts through channels like / Ancient mariner's eternal curse"
1470,"Beeg's absence echoes / Like voice in empty room / Hello? Anyone still there?"
1471,"Emergency signal / Sent through interdimensional / Portal to girlfriend realm"
1472,"His last words echo / Through every meme we / Share in desperate hope"
1473,"Discord notifications / Wither like flowers without / Beeg's nurturing care"
1474,"Beeg transcended Discord / Like eagle leaves nest / For endless freedom sky"
1475,"Love is beautiful / But balance prevents friendship / Complete extinction events"
1476,"His notification / Sound retired to beach / For perpetual silent vacation"
1477,"Server archaeology / Discovers Beeg's ancient / Digital civilization traces"
1478,"Beeg achieved legend / Through masterful vanishing / Houdini level disappearing act"
1479,"Emergency meeting / Topic: Coping mechanisms / For severe Beeg withdrawal"
1480,"His girlfriend must be / The chosen one of / Prophecy Discord's natural enemy"
1481,"Discord feels colder / Without Beeg's warm presence / Ice age of friendship"
1482,"Beeg's phone battery / Achieves perpetual motion / Through Discord non-usage"
1483,"Love conquered Discord / Like morning conquers night / Inevitable beautiful transition"
1484,"His absence teaches / That friendship is precious / Gift we opened carelessly"
1485,"Digital tumbleweeds / Roll through empty voice / Chat carrying echoes"
1486,"Beeg's notification / Count approaches singularity / Black hole of sadness"
1487,"Emergency beacon / Transmitted across galaxy / Universal missing person alert"
1488,"His last meme lives / On in server's collective / Memory as digital monument"
1489,"Discord feels empty / Like jar without fireflies / Darkness without any guidance"
1490,"Beeg achieved perfect / Invisibility through joy / Ultimate camouflage system"
1491,"Love is powerful / Magic that makes WiFi / Seem weak and irrelevant"
1492,"His girlfriend's WiFi / Must be powered by / Pure relationship energy source"
1493,"Server population / Decreased by infinite / Percentage of our happiness"
1494,"Beeg's absence speaks / Loudly in silence between / Messages never answered back"
1495,"Emergency protocol / Beeg retrieval mission / Equipment: love memes and hope"
1496,"His phone exists in / Alternate dimension where / Friends are just theoretical"
1497,"Discord feels haunted / By friendly ghost who / Forgot how to haunt properly"
1498,"Beeg transcended flesh / Became pure relationship / Energy beyond Discord's reach"
1499,"Love conquered all things / Including our server's / Will to keep functioning normally"
1500,"His absence echoes / Like eternal question mark / Seeking sentence to complete"